station_name,year,month,avg_humidity,avg_temp,precipitation,rainy_days,sunshine_hours
三義1,1990,1,--,--,--,--,
三義1,1990,10,--,21.3,10.5,2,
三義1,1990,11,--,19.2,1.0,2,
三義1,1990,12,--,15.6,16.5,2,
三義1,1990,2,--,--,--,--,
三義1,1990,3,--,--,--,--,
三義1,1990,4,--,--,--,--,
三義1,1990,5,--,--,--,--,
三義1,1990,6,--,--,--,--,
三義1,1990,7,--,26.0,23.5,4,
三義1,1990,8,--,25.7,774.5,14,
三義1,1990,9,--,24.6,54.5,10,
三義1,1991,1,--,13.7,40.0,13,
三義1,1991,10,--,20.5,17.0,5,
三義1,1991,11,--,17.8,2.0,3,
三義1,1991,12,--,15.3,23.0,3,
三義1,1991,2,--,13.7,48.5,6,
三義1,1991,3,--,17.7,78.5,11,
三義1,1991,4,--,20.0,131.0,10,
三義1,1991,5,--,23.3,126.5,4,
三義1,1991,6,--,25.4,422.5,12,
三義1,1991,7,--,26.2,39.5,6,
三義1,1991,8,--,26.1,63.5,7,
三義1,1991,9,--,24.5,41.0,9,
三義1,1992,1,--,12.6,39.0,11,
三義1,1992,10,--,19.9,2.5,2,
三義1,1992,11,--,17.1,1.5,2,
三義1,1992,12,--,16.0,30.0,7,
三義1,1992,2,--,12.8,110.0,16,
三義1,1992,3,--,16.6,190.0,15,
三義1,1992,4,--,20.0,291.5,14,
三義1,1992,5,--,21.4,193.5,9,
三義1,1992,6,--,24.4,166.0,9,
三義1,1992,7,--,25.8,175.5,7,
三義1,1992,8,--,26.1,208.5,14,
三義1,1992,9,--,24.4,142.0,8,
三義1,1993,1,--,11.9,48.5,9,
三義1,1993,10,--,21.2,0.5,1,
三義1,1993,11,--,19.7,39.0,5,
三義1,1993,12,--,14.9,4.5,5,
三義1,1993,2,--,15.1,8.0,2,
三義1,1993,3,--,16.0,184.0,16,
三義1,1993,4,--,19.4,125.0,15,
三義1,1993,5,--,23.0,188.0,12,
三義1,1993,6,--,25.7,656.5,13,
三義1,1993,7,--,26.6,80.5,7,
三義1,1993,8,--,26.0,96.0,10,
三義1,1993,9,--,24.3,8.5,2,
三義1,1994,1,--,13.8,158.0,9,
三義1,1994,10,--,20.8,83.0,4,
三義1,1994,11,--,19.2,2.5,2,
三義1,1994,12,--,17.7,16.0,7,
三義1,1994,2,--,14.4,176.5,15,
三義1,1994,3,--,14.3,102.5,14,
三義1,1994,4,--,21.9,64.0,8,
三義1,1994,5,--,23.6,483.5,12,
三義1,1994,6,--,25.6,177.0,12,
三義1,1994,7,--,25.9,253.5,16,
三義1,1994,8,--,25.4,467.0,17,
三義1,1994,9,--,23.2,152.5,5,
三義1,1995,1,--,12.9,25.0,9,
三義1,1995,10,--,22.3,1.0,1,
三義1,1995,11,--,17.4,1.5,1,
三義1,1995,12,--,13.8,12.5,3,
三義1,1995,2,--,12.0,97.0,18,
三義1,1995,3,--,15.3,140.5,16,
三義1,1995,4,--,20.5,134.5,8,
三義1,1995,5,--,22.4,211.0,11,
三義1,1995,6,--,25.7,289.0,8,
三義1,1995,7,--,25.9,184.0,11,
三義1,1995,8,--,25.4,59.5,12,
三義1,1995,9,--,24.6,57.0,5,
三義1,1996,1,--,13.6,3.0,4,
三義1,1996,10,--,22.0,9.5,4,
三義1,1996,11,--,19.6,2.0,2,
三義1,1996,12,--,14.5,1.5,3,
三義1,1996,2,--,12.5,94.5,10,
三義1,1996,3,--,16.6,75.0,13,
三義1,1996,4,--,16.7,250.5,14,
三義1,1996,5,--,21.7,412.5,17,
三義1,1996,6,--,26.0,78.0,7,
三義1,1996,7,--,26.6,369.5,10,
三義1,1996,8,--,25.9,659.5,15,
三義1,1996,9,--,25.1,239.5,6,
三義1,1997,1,--,13.0,43.5,8,
三義1,1997,10,--,21.8,16.5,6,
三義1,1997,11,--,19.2,10.0,2,
三義1,1997,12,--,15.9,24.0,4,
三義1,1997,2,--,13.4,126.5,14,
三義1,1997,3,--,17.0,199.5,9,
三義1,1997,4,--,20.3,65.0,5,
三義1,1997,5,--,23.4,192.0,10,
三義1,1997,6,--,24.2,570.5,19,
三義1,1997,7,--,25.6,155.5,13,
三義1,1997,8,--,25.6,558.5,20,
三義1,1997,9,--,23.4,51.5,8,
三義1,1998,1,/,14.0,121.5,6,
三義1,1998,10,/,22.5,247.5,9,
三義1,1998,11,/,20.1,3.5,2,
三義1,1998,12,/,16.7,74.5,8,
三義1,1998,2,/,14.6,381.5,19,
三義1,1998,3,/,17.1,170.0,10,
三義1,1998,4,/,22.2,200.0,16,
三義1,1998,5,/,24.1,190.5,13,
三義1,1998,6,/,25.5,590.5,18,
三義1,1998,7,/,27.2,47.5,6,
三義1,1998,8,/,26.9,113.5,8,
三義1,1998,9,/,24.4,253.0,10,
三義1,1999,1,/,14.3,56.5,9,
三義1,1999,10,/,22.8,7.0,5,
三義1,1999,11,/,19.1,3.0,3,
三義1,1999,12,/,14.2,46.5,4,
三義1,1999,2,/,14.3,1.5,2,
三義1,1999,3,/,17.5,104.5,12,
三義1,1999,4,/,20.7,81.5,5,
三義1,1999,5,/,21.8,315.5,16,
三義1,1999,6,/,25.7,133.0,10,
三義1,1999,7,/,25.9,427.5,17,
三義1,1999,8,/,25.6,219.0,15,
三義1,1999,9,/,25.1,8.5,6,
三義1,2000,1,/,14.1,31.5,5,
三義1,2000,10,/,23.1,75.5,1,
三義1,2000,11,/,19.6,68.5,3,
三義1,2000,12,/,16.7,106.0,11,
三義1,2000,2,/,13.5,249.0,13,
三義1,2000,3,/,16.1,116.0,8,
三義1,2000,4,/,19.8,412.0,17,
三義1,2000,5,/,23.1,42.5,9,
三義1,2000,6,/,25.4,276.0,12,
三義1,2000,7,/,26.2,234.5,13,
三義1,2000,8,/,25.4,361.5,20,
三義1,2000,9,/,24.1,41.0,5,
三義1,2001,1,/,14.5,113.0,8,
三義1,2001,10,/,21.5,39.5,4,
三義1,2001,11,/,17.3,5.5,2,
三義1,2001,12,/,15.3,20.5,8,
三義1,2001,2,/,15.1,16.5,4,
三義1,2001,3,/,17.1,69.0,7,
三義1,2001,4,/,19.5,253.5,17,
三義1,2001,5,/,23.5,221.0,16,
三義1,2001,6,/,25.6,249.0,14,
三義1,2001,7,/,25.9,540.0,15,
三義1,2001,8,/,26.6,91.0,6,
三義1,2001,9,/,24.0,1053.0,16,
三義1,2002,1,/,13.6,13.0,3,
三義1,2002,10,/,22.2,28.0,7,
三義1,2002,11,/,18.1,13.5,5,
三義1,2002,12,/,15.9,66.0,7,
三義1,2002,2,/,14.9,10.5,4,
三義1,2002,3,/,18.7,26.5,8,
三義1,2002,4,/,21.8,17.5,5,
三義1,2002,5,/,24.0,161.0,8,
三義1,2002,6,/,26.2,79.0,8,
三義1,2002,7,/,26.2,320.0,20,
三義1,2002,8,/,26.3,103.0,10,
三義1,2002,9,/,24.3,194.5,13,
三義1,2003,1,/,12.9,31.0,4,
三義1,2003,10,/,21.8,1.0,2,
三義1,2003,11,/,19.9,0.5,1,
三義1,2003,12,/,14.4,0.0,0,
三義1,2003,2,/,15.3,29.5,3,
三義1,2003,3,/,16.1,69.5,9,
三義1,2003,4,/,21.3,152.0,12,
三義1,2003,5,/,23.2,172.0,7,
三義1,2003,6,/,24.8,272.5,14,
三義1,2003,7,/,27.3,25.5,4,
三義1,2003,8,/,26.4,177.0,14,
三義1,2003,9,/,25.3,27.5,6,
三義1,2004,1,/,12.7,30.5,7,
三義1,2004,10,/,19.9,68.0,4,
三義1,2004,11,/,19.0,0.5,1,
三義1,2004,12,/,15.9,53.5,4,
三義1,2004,2,/,14.7,114.5,8,
三義1,2004,3,/,15.4,121.5,12,
三義1,2004,4,/,19.9,184.0,8,
三義1,2004,5,--,24.2,176.0,9,
三義1,2004,6,--,25.1,56.0,3,
三義1,2004,7,--,25.7,845.0,14,
三義1,2004,8,/,25.8,718.0,15,
三義1,2004,9,/,24.1,230.0,11,
三義1,2005,1,/,12.6,24.5,4,
三義1,2005,10,/,21.9,27.0,2,
三義1,2005,11,/,19.7,19.0,4,
三義1,2005,12,/,13.2,31.0,6,
三義1,2005,2,/,13.6,271.0,15,
三義1,2005,3,/,14.5,225.5,17,
三義1,2005,4,/,20.7,29.5,7,
三義1,2005,5,/,24.3,327.0,11,
三義1,2005,6,/,25.3,473.0,15,
三義1,2005,7,/,26.2,450.5,8,
三義1,2005,8,/,25.6,567.5,16,
三義1,2005,9,/,25.1,109.5,8,
三義1,2006,1,/,14.3,35.5,8,
三義1,2006,10,/,22.2,2.0,1,
三義1,2006,11,/,19.7,140.5,11,
三義1,2006,12,/,15.5,84.5,3,
三義1,2006,2,/,14.4,62.0,5,
三義1,2006,3,/,15.9,121.0,11,
三義1,2006,4,/,21.0,460.5,14,
三義1,2006,5,/,22.9,368.0,15,
三義1,2006,6,/,24.9,553.0,17,
三義1,2006,7,/,26.5,407.0,11,
三義1,2006,8,/,26.0,42.5,6,
三義1,2006,9,/,24.0,133.0,11,
三義1,2007,1,/,13.6,62.5,6,
三義1,2007,10,/,21.5,409.5,4,
三義1,2007,11,/,17.7,30.0,7,
三義1,2007,12,/,15.7,29.5,2,
三義1,2007,2,/,15.9,35.5,5,
三義1,2007,3,/,17.4,210.5,13,
三義1,2007,4,/,18.8,169.0,14,
三義1,2007,5,/,23.6,240.5,11,
三義1,2007,6,/,25.2,816.0,18,
三義1,2007,7,/,27.1,35.5,9,
三義1,2007,8,/,25.5,456.0,19,
三義1,2007,9,/,24.9,343.5,8,
三義1,2008,1,/,13.9,18.5,10,
三義1,2008,10,/,23.1,35.5,2,
三義1,2008,11,/,18.4,36.0,2,
三義1,2008,12,/,14.6,24.5,3,
三義1,2008,2,/,10.7,49.0,12,
三義1,2008,3,/,16.2,71.5,7,
三義1,2008,4,/,20.4,70.5,12,
三義1,2008,5,/,22.4,255.0,12,
三義1,2008,6,/,25.1,187.0,14,
三義1,2008,7,/,25.6,584.0,14,
三義1,2008,8,/,26.0,34.5,4,
三義1,2008,9,/,24.8,1314.0,13,
三義1,2009,1,/,12.0,1.0,2,
三義1,2009,10,/,21.8,7.0,2,
三義1,2009,11,/,18.3,34.0,8,
三義1,2009,12,/,14.0,23.5,7,
三義1,2009,2,/,17.5,21.0,1,
三義1,2009,3,/,16.0,180.5,14,
三義1,2009,4,/,18.5,212.5,13,
三義1,2009,5,/,22.0,13.5,3,
三義1,2009,6,/,24.7,231.5,12,
三義1,2009,7,/,26.1,20.5,7,
三義1,2009,8,/,25.6,812.5,14,
三義1,2009,9,/,25.9,52.5,4,
三義1,2010,1,/,13.7,43.5,8,
三義1,2010,10,/,21.7,3.5,1,
三義1,2010,11,/,17.8,20.5,7,
三義1,2010,12,/,14.2,43.0,4,
三義1,2010,2,/,15.3,184.5,14,
三義1,2010,3,/,17.3,50.5,3,
三義1,2010,4,/,18.3,143.5,16,
三義1,2010,5,/,22.8,233.5,10,
三義1,2010,6,/,24.0,534.0,17,
三義1,2010,7,/,26.4,213.0,8,
三義1,2010,8,/,26.0,104.0,13,
三義1,2010,9,/,24.9,236.0,10,
三義1,2011,1,/,10.7,40.5,9,
三義1,2011,10,--,--,--,--,
三義1,2011,11,87,21.3,214.0,9,
三義1,2011,12,90,15.0,45.0,10,
三義1,2011,2,/,12.6,27.5,5,
三義1,2011,3,--,--,--,--,
三義1,2011,4,--,--,--,--,
三義1,2011,5,--,--,--,--,
三義1,2011,6,--,--,--,--,
三義1,2011,7,--,--,--,--,
三義1,2011,8,--,--,--,--,
三義1,2011,9,--,--,--,--,
三義1,2012,1,93,13.8,123.5,11,
三義1,2012,10,78,22.0,7.0,2,
三義1,2012,11,87,19.8,238.0,10,
三義1,2012,12,90,15.6,92.5,13,
三義1,2012,2,94,14.0,161.0,12,
三義1,2012,3,88,17.0,51.5,11,
三義1,2012,4,87,22.4,236.5,17,
三義1,2012,5,85,24.6,191.0,16,
三義1,2012,6,88,26.0,398.0,16,
三義1,2012,7,82,27.6,77.0,11,
三義1,2012,8,87,26.6,984.0,21,
三義1,2012,9,82,25.0,61.5,5,
三義1,2013,1,98,13.4,30.5,8,
三義1,2013,10,80,21.5,50.5,2,
三義1,2013,11,83,18.6,22.5,5,
三義1,2013,12,86,13.5,144.0,13,
三義1,2013,2,93,15.7,4.5,6,
三義1,2013,3,87,17.6,78.5,11,
三義1,2013,4,94,19.4,235.0,20,
三義1,2013,5,94,24.0,360.5,16,
三義1,2013,6,92,26.4,107.5,13,
三義1,2013,7,88,26.1,704.5,14,
三義1,2013,8,87,26.0,927.0,14,
三義1,2013,9,85,24.7,78.5,7,
三義1,2014,1,78,13.4,0.5,1,
三義1,2014,10,78,22.2,6.5,1,
三義1,2014,11,85,20.1,5.0,5,
三義1,2014,12,85,13.8,52.0,12,
三義1,2014,2,89,13.5,93.0,11,
三義1,2014,3,88,16.3,85.0,15,
三義1,2014,4,87,20.3,39.0,7,
三義1,2014,5,89,23.6,584.0,20,
三義1,2014,6,88,26.0,201.5,16,
三義1,2014,7,84,27.5,72.0,9,
三義1,2014,8,84,26.9,206.0,12,
三義1,2014,9,85,26.7,46.5,4,
三義1,2015,1,82,14.1,23.5,4,
三義1,2015,10,85,22.8,33.0,5,
三義1,2015,11,84,21.2,1.0,1,
三義1,2015,12,88,16.3,73.0,7,
三義1,2015,2,86,15.1,49.5,7,
三義1,2015,3,92,17.4,65.0,9,
三義1,2015,4,89,21.2,57.5,7,
三義1,2015,5,97,24.9,470.0,15,
三義1,2015,6,94,28.0,63.0,7,
三義1,2015,7,85,27.1,168.5,7,
三義1,2015,8,83,25.9,368.0,16,
三義1,2015,9,83,24.9,276.5,7,
三義1,2016,1,92,13.7,268.0,18,
三義1,2016,10,89,24.9,14.0,8,
三義1,2016,11,88,20.7,93.5,7,
三義1,2016,12,86,17.9,7.5,2,
三義1,2016,2,86,12.9,43.5,10,
三義1,2016,3,87,15.3,316.5,17,
三義1,2016,4,87,22.5,236.0,12,
三義1,2016,5,86,25.0,161.5,7,
三義1,2016,6,83,27.0,250.5,13,
三義1,2016,7,79,28.0,68.0,8,
三義1,2016,8,86,26.9,121.0,11,
三義1,2016,9,87,25.6,330.0,14,
三義1,2017,1,89,16.3,13.5,5,
三義1,2017,10,81,23.4,39.5,4,
三義1,2017,11,89,20.0,9.5,14,
三義1,2017,12,84,15.2,16.0,7,
三義1,2017,2,85,15.0,58.5,7,
三義1,2017,3,87,16.8,93.5,13,
三義1,2017,4,81,20.6,165.0,11,
三義1,2017,5,85,23.9,122.0,9,
三義1,2017,6,84,26.3,894.5,15,
三義1,2017,7,83,27.1,311.5,13,
三義1,2017,8,83,27.7,52.5,10,
三義1,2017,9,83,27.0,30.5,5,
三義1,2018,1,87,14.2,165.0,13,
三義1,2018,10,80,21.2,13.0,4,
三義1,2018,11,87,20.2,20.5,5,
三義1,2018,12,84,17.4,19.0,6,
三義1,2018,2,88,13.0,41.0,11,
三義1,2018,3,80,17.8,66.5,4,
三義1,2018,4,81,21.0,53.0,6,
三義1,2018,5,80,25.5,77.5,2,
三義1,2018,6,82,25.9,213.5,15,
三義1,2018,7,83,26.8,166.0,13,
三義1,2018,8,85,26.2,431.5,23,
三義1,2018,9,83,25.3,29.5,5,
三義1,2019,1,87,15.8,30.0,8,
三義1,2019,10,80,22.6,24.5,1,
三義1,2019,11,80,19.4,1.0,1,
三義1,2019,12,84,16.2,134.0,5,
三義1,2019,2,89,16.9,30.5,2,
三義1,2019,3,87,17.9,296.5,15,
三義1,2019,4,86,21.9,176.0,10,
三義1,2019,5,89,22.5,369.0,18,
三義1,2019,6,81,26.2,436.0,15,
三義1,2019,7,79,27.3,137.0,13,
三義1,2019,8,88,26.3,765.0,20,
三義1,2019,9,83,24.7,81.0,7,
三義1,2020,1,--,--,&,/,
三義1,2020,10,--,--,--,--,
三義1,2020,11,--,--,--,--,
三義1,2020,12,--,--,--,--,
三義1,2020,2,--,--,--,--,
三義1,2020,3,--,--,--,--,
三義1,2020,4,--,--,--,--,
三義1,2020,5,--,--,--,--,
三義1,2020,6,--,--,--,--,
三義1,2020,7,--,--,--,--,
三義1,2020,8,--,--,--,--,
三義1,2020,9,--,--,--,--,
三義2,2020,1,--,--,--,--,
三義2,2020,10,89,21.8,16.5,2,
三義2,2020,11,90,20.2,9.0,5,
三義2,2020,12,95,15.1,61.5,8,
三義2,2020,2,86,16.4,12.5,6,
三義2,2020,3,93,18.2,108.5,10,
三義2,2020,4,90,17.9,62.0,12,
三義2,2020,5,94,24.1,336.0,11,
三義2,2020,6,93,26.0,73.5,5,
三義2,2020,7,92,26.7,54.5,10,
三義2,2020,8,95,25.9,108.0,11,
三義2,2020,9,91,24.6,16.0,6,
三義2,2021,1,84,13.4,12.5,6,
三義2,2021,10,95,21.4,12.5,5,
三義2,2021,11,93,17.2,5.5,6,
三義2,2021,12,91,13.6,56.0,5,
三義2,2021,2,80,15.9,42.5,5,
三義2,2021,3,89,17.6,40.0,8,
三義2,2021,4,89,19.5,38.5,4,
三義2,2021,5,88,23.9,306.5,5,
三義2,2021,6,97,23.8,557.0,16,
三義2,2021,7,97,24.5,299.5,15,
三義2,2021,8,96,24.0,642.5,15,
三義2,2021,9,97,24.6,82.0,8,
三義2,2022,1,98,12.5,67.5,13,
三義2,2022,10,89,21.7,22.0,5,
三義2,2022,11,89,22.1,27.5,6,
三義2,2022,12,89,14.2,23.5,8,
三義2,2022,2,98,11.5,190.5,17,
三義2,2022,3,90,16.9,294.5,12,
三義2,2022,4,94,18.1,76.0,8,
三義2,2022,5,99,19.6,670.5,20,
三義2,2022,6,97,24.1,475.0,14,
三義2,2022,7,85,26.0,169.0,7,
三義2,2022,8,87,26.7,238.5,13,
三義2,2022,9,86,24.7,237.5,8,
三義2,2023,1,92,14.4,15.5,11,
三義2,2023,10,--,--,52.0,8,
三義2,2023,11,--,--,0.0,0,
三義2,2023,12,--,--,16.5,3,
三義2,2023,2,90,16.9,18.5,7,
三義2,2023,3,90,18.6,30.0,7,
三義2,2023,4,89,20.9,429.0,8,
三義2,2023,5,90,22.9,306.0,10,
三義2,2023,6,--,--,163.0,13,
三義2,2023,7,--,--,140.5,14,
三義2,2023,8,--,--,461.5,16,
三義2,2023,9,--,--,157.5,6,
三義2,2024,1,--,--,--,--,
三義2,2024,10,--,--,--,--,
三義2,2024,11,--,--,--,--,
三義2,2024,12,--,--,--,--,
三義2,2024,2,--,--,--,--,
三義2,2024,3,--,--,--,--,
三義2,2024,4,--,--,--,--,
三義2,2024,5,--,--,--,--,
三義2,2024,6,--,--,--,--,
三義2,2024,7,--,--,--,--,
三義2,2024,8,--,--,--,--,
三義2,2024,9,--,--,--,--,
三義2,2025,1,--,--,--,--,
三義2,2025,10,--,--,--,--,
三義2,2025,11,--,--,--,--,
三義2,2025,12,--,--,--,--,
三義2,2025,2,--,--,--,--,
三義2,2025,3,--,--,--,--,
三義2,2025,4,--,--,--,--,
三義2,2025,5,--,--,--,--,
三義2,2025,6,--,--,--,--,
三義2,2025,7,--,--,--,--,
三義2,2025,8,--,--,--,--,
三義2,2025,9,--,--,--,--,
員林,1992,1,--,--,--,--,
員林,1992,10,--,23.1,0.0,0,
員林,1992,11,--,20.1,0.0,0,
員林,1992,12,--,19.1,8.0,3,
員林,1992,2,--,--,--,--,
員林,1992,3,--,--,--,--,
員林,1992,4,--,--,--,--,
員林,1992,5,--,--,--,--,
員林,1992,6,--,--,X,0,
員林,1992,7,--,--,214.0,12,
員林,1992,8,--,28.6,376.0,18,
員林,1992,9,--,27.0,112.0,9,
員林,1993,1,--,15.1,11.0,6,
員林,1993,10,--,24.4,1.0,1,
員林,1993,11,--,22.4,165.5,6,
員林,1993,12,--,18.0,4.5,2,
員林,1993,2,--,18.3,1.5,2,
員林,1993,3,--,19.4,110.5,9,
員林,1993,4,--,22.3,169.5,10,
員林,1993,5,--,25.8,260.0,10,
員林,1993,6,--,27.8,277.0,13,
員林,1993,7,--,29.1,151.5,8,
員林,1993,8,--,28.6,174.0,13,
員林,1993,9,--,27.2,27.5,2,
員林,1994,1,--,17.0,79.5,7,
員林,1994,10,--,23.8,8.0,2,
員林,1994,11,--,21.9,0.0,0,
員林,1994,12,--,20.9,12.5,4,
員林,1994,2,--,17.7,180.0,11,
員林,1994,3,--,18.0,41.5,7,
員林,1994,4,--,25.1,11.5,5,
員林,1994,5,--,26.4,949.5,11,
員林,1994,6,--,27.8,233.0,12,
員林,1994,7,--,28.7,186.5,11,
員林,1994,8,--,27.8,341.5,17,
員林,1994,9,--,26.3,102.0,7,
員林,1995,1,--,16.3,8.0,4,
員林,1995,10,--,25.4,2.0,1,
員林,1995,11,--,20.5,0.0,0,
員林,1995,12,--,16.8,2.0,1,
員林,1995,2,--,15.5,72.0,13,
員林,1995,3,--,18.5,68.5,12,
員林,1995,4,--,23.4,56.0,6,
員林,1995,5,--,25.4,109.0,7,
員林,1995,6,--,28.1,424.0,7,
員林,1995,7,--,28.3,249.0,13,
員林,1995,8,--,28.0,74.0,13,
員林,1995,9,--,27.5,51.0,6,
員林,1996,1,--,16.6,13.0,3,
員林,1996,10,--,25.3,7.5,3,
員林,1996,11,--,22.7,4.0,2,
員林,1996,12,--,17.7,5.0,3,
員林,1996,2,--,16.0,28.0,8,
員林,1996,3,--,20.3,33.5,6,
員林,1996,4,--,19.8,147.0,10,
員林,1996,5,--,24.6,401.0,14,
員林,1996,6,--,28.2,78.5,10,
員林,1996,7,--,29.4,151.5,11,
員林,1996,8,--,28.3,425.0,14,
員林,1996,9,--,27.9,7.0,4,
員林,1997,1,--,16.1,21.5,6,
員林,1997,10,--,25.0,4.5,2,
員林,1997,11,--,21.9,0.0,0,
員林,1997,12,--,19.1,6.0,2,
員林,1997,2,--,16.5,67.5,10,
員林,1997,3,--,20.5,171.0,6,
員林,1997,4,--,23.7,17.5,4,
員林,1997,5,--,25.9,194.5,9,
員林,1997,6,--,26.6,424.5,18,
員林,1997,7,--,28.1,241.0,14,
員林,1997,8,--,27.9,116.0,14,
員林,1997,9,--,26.1,79.5,7,
員林,1998,1,/,17.5,121.0,6,
員林,1998,10,/,25.6,119.5,7,
員林,1998,11,/,23.2,1.0,2,
員林,1998,12,/,19.8,42.0,6,
員林,1998,2,/,17.7,335.0,17,
員林,1998,3,/,20.7,136.5,8,
員林,1998,4,/,25.1,166.0,13,
員林,1998,5,/,27.0,160.5,12,
員林,1998,6,/,27.6,440.0,17,
員林,1998,7,/,29.6,86.0,8,
員林,1998,8,/,29.4,204.5,15,
員林,1998,9,/,27.3,38.5,6,
員林,1999,1,/,17.6,11.5,5,
員林,1999,10,/,25.6,8.0,4,
員林,1999,11,/,22.2,2.0,3,
員林,1999,12,/,17.4,24.0,4,
員林,1999,2,/,18.0,1.5,2,
員林,1999,3,/,21.5,51.5,8,
員林,1999,4,/,24.1,41.5,2,
員林,1999,5,/,24.6,259.5,16,
員林,1999,6,/,28.0,108.0,14,
員林,1999,7,/,28.1,431.0,20,
員林,1999,8,/,27.9,375.5,15,
員林,1999,9,/,27.6,29.5,5,
員林,2000,1,/,17.0,17.0,3,
員林,2000,10,/,26.0,51.5,3,
員林,2000,11,/,22.5,14.0,4,
員林,2000,12,/,19.8,59.5,5,
員林,2000,2,/,16.5,147.0,8,
員林,2000,3,/,19.1,28.0,6,
員林,2000,4,/,23.1,220.0,15,
員林,2000,5,/,25.8,11.5,5,
員林,2000,6,/,27.7,242.5,12,
員林,2000,7,/,28.5,221.0,12,
員林,2000,8,/,27.6,354.0,15,
員林,2000,9,/,27.1,39.5,2,
員林,2001,1,/,17.5,58.5,5,
員林,2001,10,/,24.8,1.0,1,
員林,2001,11,/,20.4,2.5,2,
員林,2001,12,/,18.6,5.5,2,
員林,2001,2,/,18.7,2.5,1,
員林,2001,3,/,20.7,46.5,6,
員林,2001,4,/,23.0,134.0,11,
員林,2001,5,/,26.5,222.5,17,
員林,2001,6,/,28.0,205.5,14,
員林,2001,7,/,28.6,365.0,13,
員林,2001,8,/,29.2,45.5,8,
員林,2001,9,/,26.5,564.5,15,
員林,2002,1,/,16.9,27.0,5,
員林,2002,10,/,25.4,0.0,0,
員林,2002,11,/,21.6,11.0,2,
員林,2002,12,/,19.1,51.0,7,
員林,2002,2,/,19.5,0.5,1,
員林,2002,3,/,21.9,12.5,6,
員林,2002,4,/,24.7,1.0,1,
員林,2002,5,/,26.4,192.5,8,
員林,2002,6,/,28.6,94.0,7,
員林,2002,7,/,28.6,362.0,17,
員林,2002,8,/,28.7,138.0,10,
員林,2002,9,/,27.2,86.5,8,
員林,2003,1,/,16.1,20.5,3,
員林,2003,10,/,24.8,0.0,0,
員林,2003,11,/,23.2,0.5,1,
員林,2003,12,/,17.4,0.0,0,
員林,2003,2,/,18.7,19.0,1,
員林,2003,3,/,19.8,24.5,6,
員林,2003,4,/,24.1,127.0,10,
員林,2003,5,/,26.3,82.0,4,
員林,2003,6,/,27.4,302.5,9,
員林,2003,7,/,29.7,60.0,5,
員林,2003,8,/,28.7,120.5,11,
員林,2003,9,/,28.1,52.0,8,
員林,2004,1,/,16.3,7.5,4,
員林,2004,10,/,23.4,6.0,1,
員林,2004,11,/,22.2,1.5,1,
員林,2004,12,/,19.1,54.0,4,
員林,2004,2,/,17.4,59.5,7,
員林,2004,3,/,19.6,54.0,11,
員林,2004,4,/,23.1,103.5,6,
員林,2004,5,--,27.0,98.0,8,
員林,2004,6,--,28.3,16.0,3,
員林,2004,7,/,28.2,766.0,13,
員林,2004,8,--,28.3,355.0,17,
員林,2004,9,/,27.0,94.5,9,
員林,2005,1,/,16.3,16.5,4,
員林,2005,10,/,25.7,22.5,2,
員林,2005,11,/,23.2,2.5,3,
員林,2005,12,/,16.8,10.0,4,
員林,2005,2,/,17.1,143.5,9,
員林,2005,3,/,17.7,147.5,13,
員林,2005,4,/,23.8,63.5,7,
員林,2005,5,/,26.9,383.0,12,
員林,2005,6,/,27.4,534.0,16,
員林,2005,7,/,29.1,277.0,8,
員林,2005,8,/,28.2,230.0,18,
員林,2005,9,/,28.3,103.0,5,
員林,2006,1,/,17.6,11.5,3,
員林,2006,10,/,25.7,0.0,0,
員林,2006,11,/,23.1,98.5,12,
員林,2006,12,/,18.7,44.0,3,
員林,2006,2,/,18.3,13.0,3,
員林,2006,3,/,19.8,76.5,9,
員林,2006,4,/,24.2,147.5,11,
員林,2006,5,/,26.2,237.0,13,
員林,2006,6,/,27.4,621.5,17,
員林,2006,7,/,29.4,299.0,9,
員林,2006,8,/,28.9,152.0,10,
員林,2006,9,/,27.0,243.0,12,
員林,2007,1,/,17.0,48.5,6,
員林,2007,10,/,25.3,222.0,4,
員林,2007,11,/,21.5,17.5,4,
員林,2007,12,/,19.5,3.5,1,
員林,2007,2,/,19.2,24.5,2,
員林,2007,3,/,20.8,76.0,7,
員林,2007,4,/,22.3,106.5,12,
員林,2007,5,/,26.5,134.5,11,
員林,2007,6,/,27.8,405.0,15,
員林,2007,7,/,29.9,61.5,5,
員林,2007,8,/,27.8,557.0,22,
員林,2007,9,/,27.5,309.5,9,
員林,2008,1,/,17.9,16.0,4,
員林,2008,10,/,26.7,58.5,2,
員林,2008,11,/,22.0,18.0,4,
員林,2008,12,/,18.2,11.0,3,
員林,2008,2,/,15.3,22.0,8,
員林,2008,3,/,20.4,29.5,6,
員林,2008,4,/,24.3,30.5,5,
員林,2008,5,/,25.9,134.5,8,
員林,2008,6,/,27.6,212.5,11,
員林,2008,7,/,28.4,583.0,16,
員林,2008,8,/,28.8,98.5,7,
員林,2008,9,/,27.9,615.5,12,
員林,2009,1,/,15.4,0.0,0,
員林,2009,10,/,25.6,13.0,2,
員林,2009,11,/,22.0,12.5,2,
員林,2009,12,/,17.7,25.0,5,
員林,2009,2,/,21.3,1.5,1,
員林,2009,3,/,20.2,106.5,8,
員林,2009,4,/,22.6,163.5,10,
員林,2009,5,/,25.8,12.5,3,
員林,2009,6,/,28.0,291.0,11,
員林,2009,7,/,29.4,63.0,9,
員林,2009,8,/,29.1,515.0,11,
員林,2009,9,/,29.3,45.5,6,
員林,2010,1,/,17.1,31.0,8,
員林,2010,10,/,25.7,2.0,3,
員林,2010,11,/,21.4,23.5,5,
員林,2010,12,/,17.7,23.0,2,
員林,2010,2,/,19.0,86.5,10,
員林,2010,3,/,21.5,64.5,4,
員林,2010,4,/,22.4,105.5,14,
員林,2010,5,/,26.6,112.0,6,
員林,2010,6,/,27.3,426.5,15,
員林,2010,7,/,29.4,253.0,9,
員林,2010,8,/,29.0,134.0,15,
員林,2010,9,/,28.0,216.0,12,
員林,2011,1,/,14.9,25.5,5,
員林,2011,10,--,--,--,--,
員林,2011,11,81,23.6,154.0,9,
員林,2011,12,76,17.9,33.0,5,
員林,2011,2,/,16.9,18.0,4,
員林,2011,3,/,17.3,4.5,1,
員林,2011,4,--,--,--,--,
員林,2011,5,--,--,--,--,
員林,2011,6,--,--,--,--,
員林,2011,7,--,--,--,--,
員林,2011,8,--,--,--,--,
員林,2011,9,--,--,--,--,
員林,2012,1,81,16.7,45.5,10,
員林,2012,10,73,24.9,0.5,1,
員林,2012,11,83,22.4,99.5,10,
員林,2012,12,79,18.7,56.5,9,
員林,2012,2,84,16.7,107.5,10,
員林,2012,3,79,20.0,21.0,3,
員林,2012,4,83,24.8,206.5,13,
員林,2012,5,81,27.0,336.5,11,
員林,2012,6,85,28.0,321.5,17,
員林,2012,7,79,29.4,271.5,12,
員林,2012,8,88,28.3,489.5,14,
員林,2012,9,77,27.8,125.5,5,
員林,2013,1,78,17.2,11.0,3,
員林,2013,10,70,25.4,1.5,1,
員林,2013,11,75,22.3,14.0,3,
員林,2013,12,75,17.4,54.0,8,
員林,2013,2,76,20.0,1.5,1,
員林,2013,3,75,21.7,42.5,7,
員林,2013,4,84,22.8,235.5,18,
員林,2013,5,83,27.1,335.0,14,
員林,2013,6,77,29.4,122.5,8,
員林,2013,7,76,29.1,431.5,17,
員林,2013,8,82,29.0,677.0,14,
員林,2013,9,79,28.4,39.5,7,
員林,2014,1,70,16.6,1.0,1,
員林,2014,10,70,25.4,0.0,0,
員林,2014,11,75,23.2,2.0,4,
員林,2014,12,73,17.2,20.0,8,
員林,2014,2,79,17.5,27.0,10,
員林,2014,3,79,20.5,37.0,9,
員林,2014,4,81,24.5,16.5,6,
員林,2014,5,90,26.5,447.5,20,
員林,2014,6,84,29.4,135.5,11,
員林,2014,7,75,30.8,96.0,4,
員林,2014,8,75,29.2,77.0,11,
員林,2014,9,76,29.2,86.0,8,
員林,2015,1,72,17.2,12.0,5,
員林,2015,10,77,26.5,35.5,4,
員林,2015,11,76,24.5,0.5,1,
員林,2015,12,76,19.8,29.0,5,
員林,2015,2,73,18.4,10.5,3,
員林,2015,3,75,21.4,4.0,4,
員林,2015,4,72,24.8,37.5,3,
員林,2015,5,81,27.2,463.0,15,
員林,2015,6,74,30.2,62.0,6,
員林,2015,7,75,29.7,35.5,10,
員林,2015,8,80,28.4,395.0,16,
員林,2015,9,76,28.2,150.0,6,
員林,2016,1,83,17.1,188.0,16,
員林,2016,10,84,27.5,40.5,6,
員林,2016,11,80,24.2,65.5,8,
員林,2016,12,79,20.5,12.0,1,
員林,2016,2,74,16.7,22.0,7,
員林,2016,3,82,18.7,165.0,16,
員林,2016,4,82,25.2,142.0,9,
員林,2016,5,78,27.9,47.5,8,
員林,2016,6,79,29.1,218.5,17,
員林,2016,7,74,30.2,76.5,9,
員林,2016,8,81,29.5,186.0,13,
員林,2016,9,84,28.0,262.5,13,
員林,2017,1,81,18.9,5.0,2,
員林,2017,10,76,26.4,64.0,3,
員林,2017,11,82,23.2,28.0,4,
員林,2017,12,78,18.4,10.0,4,
員林,2017,2,76,17.9,8.0,4,
員林,2017,3,80,20.5,42.5,8,
員林,2017,4,81,23.7,123.5,8,
員林,2017,5,84,27.1,110.0,6,
員林,2017,6,86,28.5,995.0,13,
員林,2017,7,76,29.3,353.5,16,
員林,2017,8,77,29.7,71.5,8,
員林,2017,9,77,29.3,26.0,4,
員林,2018,1,83,17.2,105.5,13,
員林,2018,10,76,24.6,2.0,2,
員林,2018,11,85,23.1,17.5,5,
員林,2018,12,79,20.5,0.5,1,
員林,2018,2,82,16.5,32.0,9,
員林,2018,3,77,20.9,31.5,4,
員林,2018,4,77,24.3,32.0,3,
員林,2018,5,79,28.3,86.0,3,
員林,2018,6,82,28.6,195.5,12,
員林,2018,7,83,29.1,450.0,14,
員林,2018,8,85,28.3,530.5,18,
員林,2018,9,81,28.1,39.5,5,
員林,2019,1,83,18.9,9.0,3,
員林,2019,10,79,26.1,8.0,1,
員林,2019,11,75,23.1,0.0,0,
員林,2019,12,81,19.5,101.5,6,
員林,2019,2,82,20.6,8.0,3,
員林,2019,3,86,21.2,133.5,13,
員林,2019,4,88,24.8,82.5,9,
員林,2019,5,92,25.5,290.5,19,
員林,2019,6,87,28.3,466.0,16,
員林,2019,7,85,29.3,186.0,13,
員林,2019,8,91,28.6,395.5,17,
員林,2019,9,81,27.7,53.0,5,
員林,2020,1,82,18.3,18.5,1,
員林,2020,10,75,26.3,0.5,1,
員林,2020,11,80,23.9,2.5,3,
員林,2020,12,81,19.9,25.5,7,
員林,2020,2,81,19.4,0.5,1,
員林,2020,3,81,22.5,49.5,4,
員林,2020,4,80,22.6,38.0,8,
員林,2020,5,85,28.0,285.5,12,
員林,2020,6,79,29.7,37.0,7,
員林,2020,7,76,30.4,80.0,8,
員林,2020,8,86,29.0,210.5,18,
員林,2020,9,78,28.7,4.5,2,
員林,2021,1,77,16.0,2.0,3,
員林,2021,10,77,27.1,10.0,2,
員林,2021,11,77,22.9,10.0,2,
員林,2021,12,76,19.2,20.0,1,
員林,2021,2,79,18.9,29.0,2,
員林,2021,3,82,21.6,12.5,3,
員林,2021,4,79,24.1,22.0,1,
員林,2021,5,81,28.7,198.0,2,
員林,2021,6,89,28.2,779.5,20,
員林,2021,7,83,29.8,129.0,13,
員林,2021,8,85,28.7,657.5,14,
員林,2021,9,78,29.8,18.0,5,
員林,2022,1,84,18.3,30.5,10,
員林,2022,10,77,25.4,6.5,3,
員林,2022,11,86,24.1,2.0,3,
員林,2022,12,75,17.5,14.0,1,
員林,2022,2,89,17.3,102.5,12,
員林,2022,3,83,22.1,93.0,9,
員林,2022,4,80,24.1,42.0,6,
員林,2022,5,90,25.3,367.0,14,
員林,2022,6,84,28.7,354.0,11,
員林,2022,7,78,29.9,37.5,5,
員林,2022,8,81,29.0,277.0,10,
員林,2022,9,78,27.7,53.0,7,
員林,2023,1,79,17.1,5.0,2,
員林,2023,10,82,26.6,37.5,3,
員林,2023,11,75,23.0,1.5,1,
員林,2023,12,78,20.0,14.0,3,
員林,2023,2,78,17.9,14.5,1,
員林,2023,3,75,20.3,15.0,4,
員林,2023,4,81,23.6,84.5,6,
員林,2023,5,82,26.5,217.0,5,
員林,2023,6,86,28.9,213.5,16,
員林,2023,7,80,29.8,173.5,11,
員林,2023,8,86,29.2,286.0,14,
員林,2023,9,85,28.6,396.0,10,
員林,2024,1,78,17.5,5.0,2,
員林,2024,10,84,27.7,71.5,3,
員林,2024,11,77,24.8,53.5,2,
員林,2024,12,72,19.7,29.5,2,
員林,2024,2,78,19.5,20.0,2,
員林,2024,3,76,21.4,14.5,4,
員林,2024,4,84,26.2,156.0,9,
員林,2024,5,79,26.6,84.0,10,
員林,2024,6,78,30.3,150.0,13,
員林,2024,7,77,30.3,549.0,14,
員林,2024,8,79,29.8,200.5,13,
員林,2024,9,79,29.2,214.0,15,
員林,2025,1,71,17.8,24.5,7,
員林,2025,10,77,30.0,0.0,0,
員林,2025,11,--,--,--,--,
員林,2025,12,--,--,--,--,
員林,2025,2,76,18.8,59.0,4,
員林,2025,3,74,21.6,82.5,10,
員林,2025,4,74,25.6,47.0,5,
員林,2025,5,75,28.8,204.5,6,
員林,2025,6,78,30.6,212.5,13,
員林,2025,7,81,28.9,729.5,20,
員林,2025,8,77,29.6,359.5,8,
員林,2025,9,80,29.6,140.0,11,
奮起湖,1992,1,--,--,--,--,
奮起湖,1992,10,--,--,--,--,
奮起湖,1992,11,--,--,--,--,
奮起湖,1992,12,--,--,--,--,
奮起湖,1992,2,--,--,--,--,
奮起湖,1992,3,--,--,--,--,
奮起湖,1992,4,--,--,--,--,
奮起湖,1992,5,--,--,--,--,
奮起湖,1992,6,--,--,--,--,
奮起湖,1992,7,--,--,--,--,
奮起湖,1992,8,--,--,--,--,
奮起湖,1992,9,--,--,--,--,
奮起湖,1993,1,--,--,X,0,
奮起湖,1993,10,--,16.9,49.5,12,
奮起湖,1993,11,--,16.4,52.0,7,
奮起湖,1993,12,--,13.1,10.5,4,
奮起湖,1993,2,--,--,X,0,
奮起湖,1993,3,--,13.9,148.0,10,
奮起湖,1993,4,--,16.5,174.0,16,
奮起湖,1993,5,--,18.1,744.5,17,
奮起湖,1993,6,--,19.3,1075.0,25,
奮起湖,1993,7,--,19.6,334.0,15,
奮起湖,1993,8,--,19.6,393.5,18,
奮起湖,1993,9,--,18.4,228.0,14,
奮起湖,1994,1,--,12.2,35.5,9,
奮起湖,1994,10,--,15.8,364.5,9,
奮起湖,1994,11,--,14.6,1.0,1,
奮起湖,1994,12,--,14.7,30.5,5,
奮起湖,1994,2,--,13.5,140.0,15,
奮起湖,1994,3,--,13.2,81.0,9,
奮起湖,1994,4,--,17.6,102.5,13,
奮起湖,1994,5,--,18.4,682.5,23,
奮起湖,1994,6,--,19.5,393.0,23,
奮起湖,1994,7,--,19.7,717.0,27,
奮起湖,1994,8,--,19.2,1960.0,26,
奮起湖,1994,9,--,18.0,240.0,18,
奮起湖,1995,1,--,11.4,35.0,6,
奮起湖,1995,10,--,18.3,46.0,11,
奮起湖,1995,11,--,14.9,0.5,1,
奮起湖,1995,12,--,11.5,11.0,2,
奮起湖,1995,2,--,11.2,78.0,12,
奮起湖,1995,3,--,14.0,112.5,13,
奮起湖,1995,4,--,17.3,123.0,5,
奮起湖,1995,5,--,18.0,301.0,21,
奮起湖,1995,6,--,19.7,829.5,15,
奮起湖,1995,7,--,19.5,525.5,23,
奮起湖,1995,8,--,19.1,349.5,26,
奮起湖,1995,9,--,19.1,110.5,13,
奮起湖,1996,1,--,12.1,37.0,2,
奮起湖,1996,10,--,18.0,73.5,14,
奮起湖,1996,11,--,17.1,23.5,5,
奮起湖,1996,12,--,12.1,9.5,5,
奮起湖,1996,2,--,11.5,26.5,7,
奮起湖,1996,3,--,15.9,19.0,3,
奮起湖,1996,4,--,14.9,251.5,15,
奮起湖,1996,5,--,17.6,654.0,25,
奮起湖,1996,6,--,19.6,228.0,14,
奮起湖,1996,7,--,20.0,968.5,23,
奮起湖,1996,8,--,19.4,1300.5,22,
奮起湖,1996,9,--,19.3,199.0,14,
奮起湖,1997,1,--,11.6,50.0,9,
奮起湖,1997,10,--,17.4,49.0,12,
奮起湖,1997,11,--,15.5,1.0,2,
奮起湖,1997,12,--,13.5,26.5,7,
奮起湖,1997,2,--,12.5,132.5,15,
奮起湖,1997,3,--,14.2,226.0,9,
奮起湖,1997,4,--,16.4,74.0,11,
奮起湖,1997,5,--,17.8,333.5,16,
奮起湖,1997,6,--,18.6,1025.5,25,
奮起湖,1997,7,--,19.3,545.0,23,
奮起湖,1997,8,--,19.5,866.5,25,
奮起湖,1997,9,--,18.2,169.0,19,
奮起湖,1998,1,/,13.3,120.0,7,
奮起湖,1998,10,/,18.3,499.0,15,
奮起湖,1998,11,/,17.4,1.5,2,
奮起湖,1998,12,/,14.9,99.5,10,
奮起湖,1998,2,/,13.9,359.5,16,
奮起湖,1998,3,/,15.5,266.0,9,
奮起湖,1998,4,/,17.4,297.5,14,
奮起湖,1998,5,/,18.8,314.0,27,
奮起湖,1998,6,/,19.6,1008.0,23,
奮起湖,1998,7,/,19.9,177.5,16,
奮起湖,1998,8,/,20.1,633.5,24,
奮起湖,1998,9,/,19.2,451.0,19,
奮起湖,1999,1,/,13.3,35.0,10,
奮起湖,1999,10,/,18.1,106.5,13,
奮起湖,1999,11,/,15.4,39.0,9,
奮起湖,1999,12,/,12.6,78.0,12,
奮起湖,1999,2,/,12.2,1.0,2,
奮起湖,1999,3,/,16.6,50.5,9,
奮起湖,1999,4,/,17.2,96.5,14,
奮起湖,1999,5,/,17.6,382.0,20,
奮起湖,1999,6,/,19.5,258.5,19,
奮起湖,1999,7,/,19.6,729.5,29,
奮起湖,1999,8,/,19.2,951.5,20,
奮起湖,1999,9,/,18.9,154.0,19,
奮起湖,2000,1,/,12.3,20.5,6,
奮起湖,2000,10,/,18.8,128.5,11,
奮起湖,2000,11,/,17.2,74.5,6,
奮起湖,2000,12,/,14.5,45.5,6,
奮起湖,2000,2,/,13.2,122.0,13,
奮起湖,2000,3,/,14.9,60.0,7,
奮起湖,2000,4,/,17.0,294.0,15,
奮起湖,2000,5,/,17.9,176.0,18,
奮起湖,2000,6,/,19.5,416.5,21,
奮起湖,2000,7,/,19.6,527.0,28,
奮起湖,2000,8,/,19.3,766.0,24,
奮起湖,2000,9,/,18.4,129.0,11,
奮起湖,2001,1,/,12.7,94.5,8,
奮起湖,2001,10,/,17.4,47.5,7,
奮起湖,2001,11,/,14.1,27.0,5,
奮起湖,2001,12,/,13.0,15.0,4,
奮起湖,2001,2,/,14.2,3.5,4,
奮起湖,2001,3,/,14.7,99.5,7,
奮起湖,2001,4,/,17.3,153.0,12,
奮起湖,2001,5,/,19.1,716.0,20,
奮起湖,2001,6,/,19.6,656.5,22,
奮起湖,2001,7,/,20.0,860.0,20,
奮起湖,2001,8,/,20.2,247.0,21,
奮起湖,2001,9,/,19.0,1186.5,21,
奮起湖,2002,1,/,11.9,72.0,5,
奮起湖,2002,10,/,18.0,38.0,11,
奮起湖,2002,11,/,15.2,4.5,3,
奮起湖,2002,12,/,13.8,98.5,8,
奮起湖,2002,2,/,12.1,3.0,3,
奮起湖,2002,3,/,15.1,34.5,9,
奮起湖,2002,4,/,18.0,4.5,3,
奮起湖,2002,5,/,18.4,351.5,19,
奮起湖,2002,6,/,19.8,380.5,22,
奮起湖,2002,7,/,20.7,668.0,21,
奮起湖,2002,8,/,19.9,464.5,20,
奮起湖,2002,9,/,19.0,200.5,20,
奮起湖,2003,1,/,11.0,40.0,5,
奮起湖,2003,10,/,16.7,146.0,8,
奮起湖,2003,11,/,16.8,24.5,6,
奮起湖,2003,12,/,11.8,0.5,1,
奮起湖,2003,2,/,13.4,15.0,3,
奮起湖,2003,3,/,14.3,70.5,9,
奮起湖,2003,4,/,17.6,250.5,15,
奮起湖,2003,5,/,18.9,168.0,14,
奮起湖,2003,6,/,19.4,866.0,17,
奮起湖,2003,7,/,20.6,153.0,17,
奮起湖,2003,8,/,20.1,283.5,24,
奮起湖,2003,9,/,19.6,295.5,18,
奮起湖,2004,1,/,11.7,15.0,7,
奮起湖,2004,10,/,15.8,43.0,5,
奮起湖,2004,11,/,15.3,1.0,1,
奮起湖,2004,12,/,12.9,78.5,2,
奮起湖,2004,2,/,12.8,46.0,7,
奮起湖,2004,3,/,14.7,73.5,13,
奮起湖,2004,4,/,16.7,104.0,11,
奮起湖,2004,5,--,19.5,282.0,12,
奮起湖,2004,6,--,19.5,96.5,14,
奮起湖,2004,7,--,19.7,1600.0,25,
奮起湖,2004,8,--,20.0,1074.0,21,
奮起湖,2004,9,/,19.2,202.5,16,
奮起湖,2005,1,/,11.8,18.5,6,
奮起湖,2005,10,/,17.9,207.5,12,
奮起湖,2005,11,/,16.4,30.0,5,
奮起湖,2005,12,/,12.2,22.5,9,
奮起湖,2005,2,/,14.3,168.0,8,
奮起湖,2005,3,/,12.9,253.0,17,
奮起湖,2005,4,/,16.8,90.5,9,
奮起湖,2005,5,/,19.1,708.5,23,
奮起湖,2005,6,/,19.6,1009.0,27,
奮起湖,2005,7,/,20.4,1360.0,14,
奮起湖,2005,8,/,19.8,1140.5,26,
奮起湖,2005,9,/,19.4,655.0,17,
奮起湖,2006,1,/,13.5,23.0,8,
奮起湖,2006,10,/,17.4,13.0,8,
奮起湖,2006,11,/,16.6,106.0,14,
奮起湖,2006,12,/,13.3,39.5,8,
奮起湖,2006,2,/,14.2,3.5,2,
奮起湖,2006,3,/,14.6,132.5,12,
奮起湖,2006,4,/,17.8,254.0,16,
奮起湖,2006,5,/,18.8,557.0,23,
奮起湖,2006,6,/,19.5,1520.0,23,
奮起湖,2006,7,/,20.3,1344.5,22,
奮起湖,2006,8,/,19.9,318.5,23,
奮起湖,2006,9,/,19.0,337.5,20,
奮起湖,2007,1,/,12.5,124.0,8,
奮起湖,2007,10,/,17.8,1167.5,11,
奮起湖,2007,11,/,15.5,36.5,8,
奮起湖,2007,12,/,13.7,5.5,2,
奮起湖,2007,2,/,13.4,28.5,4,
奮起湖,2007,3,/,15.3,45.0,13,
奮起湖,2007,4,/,16.2,128.0,14,
奮起湖,2007,5,/,18.4,386.0,16,
奮起湖,2007,6,/,19.7,597.5,24,
奮起湖,2007,7,/,20.4,185.5,17,
奮起湖,2007,8,/,19.6,1446.0,28,
奮起湖,2007,9,/,19.3,623.0,23,
奮起湖,2008,1,/,14.0,55.0,10,
奮起湖,2008,10,/,18.7,96.0,13,
奮起湖,2008,11,/,15.5,46.5,6,
奮起湖,2008,12,/,12.3,10.5,5,
奮起湖,2008,2,/,11.5,52.5,11,
奮起湖,2008,3,/,13.9,52.0,10,
奮起湖,2008,4,/,17.2,161.5,15,
奮起湖,2008,5,/,18.0,477.0,23,
奮起湖,2008,6,/,19.4,489.0,21,
奮起湖,2008,7,/,19.7,1661.0,22,
奮起湖,2008,8,/,19.8,162.0,19,
奮起湖,2008,9,/,19.4,2676.5,25,
奮起湖,2009,1,/,10.6,0.0,0,
奮起湖,2009,10,/,18.3,48.0,11,
奮起湖,2009,11,/,16.0,34.5,7,
奮起湖,2009,12,/,12.3,43.5,9,
奮起湖,2009,2,/,15.5,8.0,3,
奮起湖,2009,3,/,15.4,162.5,12,
奮起湖,2009,4,/,16.0,263.0,15,
奮起湖,2009,5,/,17.3,91.0,16,
奮起湖,2009,6,/,19.5,587.0,20,
奮起湖,2009,7,/,20.5,147.0,16,
奮起湖,2009,8,/,20.3,3144.5,25,
奮起湖,2009,9,/,20.3,188.0,22,
奮起湖,2010,1,/,12.5,39.0,7,
奮起湖,2010,10,/,18.4,107.0,14,
奮起湖,2010,11,/,15.5,63.5,7,
奮起湖,2010,12,/,12.6,56.0,7,
奮起湖,2010,2,/,14.9,116.5,10,
奮起湖,2010,3,/,15.6,28.0,7,
奮起湖,2010,4,/,17.0,209.5,16,
奮起湖,2010,5,/,19.2,346.5,12,
奮起湖,2010,6,/,19.7,539.5,24,
奮起湖,2010,7,/,20.2,732.5,22,
奮起湖,2010,8,/,20.1,434.0,30,
奮起湖,2010,9,/,19.7,554.5,23,
奮起湖,2011,1,/,11.3,54.0,9,
奮起湖,2011,10,/,18.2,107.5,17,
奮起湖,2011,11,/,17.4,228.0,13,
奮起湖,2011,12,/,13.5,58.0,11,
奮起湖,2011,2,/,12.7,39.5,4,
奮起湖,2011,3,/,13.2,58.0,12,
奮起湖,2011,4,/,15.4,12.5,7,
奮起湖,2011,5,/,18.9,395.5,18,
奮起湖,2011,6,/,20.5,234.0,18,
奮起湖,2011,7,/,20.1,736.5,22,
奮起湖,2011,8,/,20.2,542.5,21,
奮起湖,2011,9,/,19.5,94.5,15,
奮起湖,2012,1,--,12.7,60.5,13,
奮起湖,2012,10,--,16.6,5.0,4,
奮起湖,2012,11,--,16.2,150.5,13,
奮起湖,2012,12,--,13.7,85.5,12,
奮起湖,2012,2,--,14.3,94.0,12,
奮起湖,2012,3,--,15.8,23.5,5,
奮起湖,2012,4,--,17.8,287.5,17,
奮起湖,2012,5,--,19.1,731.0,20,
奮起湖,2012,6,--,20.0,1435.0,24,
奮起湖,2012,7,--,20.2,322.5,19,
奮起湖,2012,8,--,19.7,1038.5,27,
奮起湖,2012,9,--,19.2,105.5,13,
奮起湖,2013,1,--,12.4,32.5,8,
奮起湖,2013,10,--,16.9,27.5,11,
奮起湖,2013,11,--,15.8,21.0,7,
奮起湖,2013,12,--,12.2,81.0,12,
奮起湖,2013,2,--,15.1,3.0,3,
奮起湖,2013,3,--,15.6,46.5,11,
奮起湖,2013,4,--,16.6,287.5,23,
奮起湖,2013,5,--,18.8,760.0,25,
奮起湖,2013,6,--,20.4,204.5,19,
奮起湖,2013,7,--,19.9,1028.0,23,
奮起湖,2013,8,--,20.0,1509.0,25,
奮起湖,2013,9,--,19.4,227.0,19,
奮起湖,2014,1,--,10.6,0.5,1,
奮起湖,2014,10,--,17.5,4.0,4,
奮起湖,2014,11,--,16.0,11.5,5,
奮起湖,2014,12,--,12.2,89.0,15,
奮起湖,2014,2,--,12.5,96.0,13,
奮起湖,2014,3,--,14.4,106.0,10,
奮起湖,2014,4,--,16.5,45.0,16,
奮起湖,2014,5,--,18.7,762.0,29,
奮起湖,2014,6,--,20.4,538.5,24,
奮起湖,2014,7,--,21.0,648.0,19,
奮起湖,2014,8,--,20.1,346.5,22,
奮起湖,2014,9,--,20.3,260.5,18,
奮起湖,2015,1,--,11.3,20.5,5,
奮起湖,2015,10,--,--,--,--,
奮起湖,2015,11,--,--,--,--,
奮起湖,2015,12,--,--,--,--,
奮起湖,2015,2,--,12.6,50.0,3,
奮起湖,2015,3,--,15.4,26.0,6,
奮起湖,2015,4,--,17.4,82.5,8,
奮起湖,2015,5,--,19.1,1023.0,23,
奮起湖,2015,6,--,20.6,105.5,16,
奮起湖,2015,7,--,21.1,80.0,5,
奮起湖,2015,8,--,--,--,--,
奮起湖,2015,9,--,--,--,--,
奮起湖,2016,1,88,12.8,284.0,20,
奮起湖,2016,10,91,19.6,80.5,12,
奮起湖,2016,11,90,16.6,83.0,9,
奮起湖,2016,12,84,15.0,21.5,6,
奮起湖,2016,2,85,12.5,64.0,15,
奮起湖,2016,3,87,13.7,288.5,15,
奮起湖,2016,4,83,18.3,275.0,12,
奮起湖,2016,5,89,19.6,220.0,19,
奮起湖,2016,6,92,20.3,801.5,24,
奮起湖,2016,7,92,20.5,333.0,17,
奮起湖,2016,8,94,20.4,278.5,18,
奮起湖,2016,9,95,19.8,1315.0,22,
奮起湖,2017,1,85,13.3,4.5,4,
奮起湖,2017,10,93,18.2,106.5,12,
奮起湖,2017,11,89,17.3,19.5,7,
奮起湖,2017,12,87,13.0,25.0,11,
奮起湖,2017,2,87,12.4,27.5,8,
奮起湖,2017,3,91,14.4,70.0,11,
奮起湖,2017,4,89,16.4,165.5,13,
奮起湖,2017,5,93,18.6,398.5,22,
奮起湖,2017,6,92,19.9,1588.5,20,
奮起湖,2017,7,94,19.9,861.5,25,
奮起湖,2017,8,95,20.3,234.5,24,
奮起湖,2017,9,92,20.3,144.0,15,
奮起湖,2018,1,87,12.9,151.5,19,
奮起湖,2018,10,92,16.9,59.0,16,
奮起湖,2018,11,89,16.4,20.0,7,
奮起湖,2018,12,85,15.3,3.0,5,
奮起湖,2018,2,89,12.1,94.5,14,
奮起湖,2018,3,84,13.9,59.5,8,
奮起湖,2018,4,92,16.2,116.5,12,
奮起湖,2018,5,92,19.3,121.5,11,
奮起湖,2018,6,95,19.7,709.0,25,
奮起湖,2018,7,96,19.7,792.5,28,
奮起湖,2018,8,96,19.3,1244.5,30,
奮起湖,2018,9,95,19.3,231.0,17,
奮起湖,2019,1,86,13.8,14.5,7,
奮起湖,2019,10,94,17.6,43.5,10,
奮起湖,2019,11,88,15.6,3.0,3,
奮起湖,2019,12,87,13.4,154.5,10,
奮起湖,2019,2,84,15.0,5.0,5,
奮起湖,2019,3,87,15.2,165.0,16,
奮起湖,2019,4,86,17.9,189.0,11,
奮起湖,2019,5,97,18.2,941.5,26,
奮起湖,2019,6,93,19.9,737.0,22,
奮起湖,2019,7,94,20.3,336.0,24,
奮起湖,2019,8,97,20.0,1313.0,25,
奮起湖,2019,9,94,19.0,149.5,16,
奮起湖,2020,1,83,12.2,21.5,6,
奮起湖,2020,10,93,18.5,32.5,17,
奮起湖,2020,11,90,16.9,33.0,11,
奮起湖,2020,12,89,14.8,51.5,13,
奮起湖,2020,2,83,12.9,26.5,4,
奮起湖,2020,3,89,15.6,228.0,11,
奮起湖,2020,4,88,15.6,91.0,14,
奮起湖,2020,5,91,19.4,838.5,21,
奮起湖,2020,6,90,20.2,173.5,16,
奮起湖,2020,7,93,20.3,354.5,26,
奮起湖,2020,8,94,20.0,384.0,27,
奮起湖,2020,9,93,19.8,151.5,15,
奮起湖,2021,1,83,10.7,23.0,8,
奮起湖,2021,10,92,18.5,57.5,10,
奮起湖,2021,11,90,16.1,48.0,10,
奮起湖,2021,12,86,13.2,70.0,7,
奮起湖,2021,2,81,13.0,22.5,3,
奮起湖,2021,3,89,15.6,25.0,5,
奮起湖,2021,4,91,16.8,83.0,10,
奮起湖,2021,5,83,20.3,221.0,10,
奮起湖,2021,6,95,19.6,1111.0,28,
奮起湖,2021,7,94,20.2,503.0,27,
奮起湖,2021,8,94,19.7,1369.5,27,
奮起湖,2021,9,94,20.0,258.5,22,
奮起湖,2022,1,86,13.1,76.0,10,
奮起湖,2022,10,94,18.3,68.5,14,
奮起湖,2022,11,90,18.0,7.0,6,
奮起湖,2022,12,83,12.9,28.5,4,
奮起湖,2022,2,87,13.1,133.0,11,
奮起湖,2022,3,86,15.9,98.0,11,
奮起湖,2022,4,90,16.8,92.5,10,
奮起湖,2022,5,93,18.3,581.5,23,
奮起湖,2022,6,91,19.8,435.5,25,
奮起湖,2022,7,93,20.6,286.5,20,
奮起湖,2022,8,95,20.2,507.5,26,
奮起湖,2022,9,93,19.3,378.5,20,
奮起湖,2023,1,81,12.9,18.0,3,
奮起湖,2023,10,--,--,107.5,16,
奮起湖,2023,11,--,--,1.0,2,
奮起湖,2023,12,--,--,66.5,12,
奮起湖,2023,2,85,13.8,15.0,4,
奮起湖,2023,3,81,14.4,21.5,4,
奮起湖,2023,4,91,17.2,110.5,12,
奮起湖,2023,5,92,18.8,316.5,20,
奮起湖,2023,6,93,20.2,298.5,24,
奮起湖,2023,7,88,21.2,479.0,25,
奮起湖,2023,8,--,--,1121.0,25,
奮起湖,2023,9,--,--,366.0,17,
奮起湖,2024,1,--,--,10.0,3,
奮起湖,2024,10,93,19.4,364.5,14,
奮起湖,2024,11,91,17.5,155.5,7,
奮起湖,2024,12,87,13.5,42.0,8,
奮起湖,2024,2,--,--,43.5,3,
奮起湖,2024,3,--,--,27.5,9,
奮起湖,2024,4,--,--,301.5,11,
奮起湖,2024,5,--,--,367.5,20,
奮起湖,2024,6,--,--,208.0,10,
奮起湖,2024,7,96,20.8,2107.5,24,
奮起湖,2024,8,96,20.3,523.0,28,
奮起湖,2024,9,95,20.2,391.5,23,
奮起湖,2025,1,87,12.3,45.0,12,
奮起湖,2025,10,--,--,&,&,
奮起湖,2025,11,--,--,--,--,
奮起湖,2025,12,--,--,--,--,
奮起湖,2025,2,76,17.3,0.0,0,
奮起湖,2025,3,67,21.8,0.0,0,
奮起湖,2025,4,81,20.1,12.0,4,
奮起湖,2025,5,93,19.2,178.5,11,
奮起湖,2025,6,94,20.3,582.5,24,
奮起湖,2025,7,97,20.1,1978.0,29,
奮起湖,2025,8,95,20.0,744.5,24,
奮起湖,2025,9,--,--,&,&,
新北,2023,1,81,16.3,52.0,15,78.9
新北,2023,10,83,24.2,202.5,15,78.8
新北,2023,11,78,21.2,70.5,8,139.7
新北,2023,12,85,17.9,135.0,13,81.5
新北,2023,2,82,16.8,46.5,10,68.8
新北,2023,3,77,18.8,35.5,7,139.0
新北,2023,4,80,21.6,118.0,10,102.4
新北,2023,5,80,24.8,278.0,12,124.6
新北,2023,6,83,27.5,361.5,16,133.6
新北,2023,7,78,28.9,233.5,13,214.2
新北,2023,8,81,28.3,372.5,17,185.7
新北,2023,9,80,27.5,284.0,11,201.5
新北,2024,1,81,15.6,87.5,11,96.2
新北,2024,10,86,25.1,559.5,19,95.0
新北,2024,11,85,21.3,111.5,17,42.5
新北,2024,12,81,16.6,55.0,12,43.8
新北,2024,2,82,17.1,73.0,6,106.8
新北,2024,3,78,18.4,103.5,12,98.4
新北,2024,4,85,23.9,236.5,17,80.2
新北,2024,5,81,24.4,205.0,14,106.9
新北,2024,6,85,27.2,613.0,20,113.8
新北,2024,7,81,28.7,507.0,15,216.3
新北,2024,8,83,28.2,432.0,15,193.8
新北,2024,9,82,27.9,564.0,17,177.0
新北,2025,1,74,15.2,78.0,11,96.2
新北,2025,10,73,28.5,0.0,0,43.5
新北,2025,11,--,--,--,--,--
新北,2025,12,--,--,--,--,--
新北,2025,2,81,15.8,155.5,12,54.8
新北,2025,3,79,17.9,359.0,15,127.0
新北,2025,4,78,21.6,240.5,14,111.6
新北,2025,5,80,24.8,475.5,15,113.6
新北,2025,6,81,27.9,190.5,14,163.7
新北,2025,7,81,28.2,302.0,20,141.8
新北,2025,8,76,28.8,177.5,9,236.2
新北,2025,9,76,28.6,188.0,9,201.1
新屋1,1987,1,--,--,--,--,
新屋1,1987,10,--,23.8,182.0,6,
新屋1,1987,11,--,20.6,160.5,11,
新屋1,1987,12,--,15.9,&,/,
新屋1,1987,2,--,--,--,--,
新屋1,1987,3,--,--,--,--,
新屋1,1987,4,--,--,--,--,
新屋1,1987,5,--,--,--,--,
新屋1,1987,6,--,25.2,214.0,11,
新屋1,1987,7,--,28.3,3.5,2,
新屋1,1987,8,--,28.6,9.0,2,
新屋1,1987,9,--,24.3,330.5,9,
新屋1,1988,1,--,--,&,/,
新屋1,1988,10,--,22.9,74.0,8,
新屋1,1988,11,--,18.1,44.5,7,
新屋1,1988,12,--,15.6,45.0,5,
新屋1,1988,2,--,14.7,74.0,16,
新屋1,1988,3,--,14.7,195.0,20,
新屋1,1988,4,--,19.0,365.5,17,
新屋1,1988,5,--,--,188.0,9,
新屋1,1988,6,--,27.4,31.5,4,
新屋1,1988,7,--,28.7,237.0,5,
新屋1,1988,8,--,28.1,104.0,9,
新屋1,1988,9,--,26.0,198.5,13,
新屋1,1989,1,--,15.1,84.0,15,
新屋1,1989,10,--,22.3,34.0,5,
新屋1,1989,11,--,19.2,49.5,10,
新屋1,1989,12,--,16.0,66.0,12,
新屋1,1989,2,--,14.2,44.0,11,
新屋1,1989,3,--,16.1,114.0,4,
新屋1,1989,4,--,20.8,197.0,15,
新屋1,1989,5,--,23.1,267.0,16,
新屋1,1989,6,--,26.2,38.0,6,
新屋1,1989,7,--,28.0,338.5,9,
新屋1,1989,8,--,28.1,150.5,7,
新屋1,1989,9,--,26.4,367.0,12,
新屋1,1990,1,--,15.3,173.0,18,
新屋1,1990,10,--,22.8,30.5,4,
新屋1,1990,11,--,20.9,32.5,8,
新屋1,1990,12,--,17.3,5.5,3,
新屋1,1990,2,--,16.0,198.5,11,
新屋1,1990,3,--,16.8,106.0,8,
新屋1,1990,4,--,19.7,331.5,17,
新屋1,1990,5,--,23.7,5.5,4,
新屋1,1990,6,--,26.2,222.0,10,
新屋1,1990,7,--,28.3,62.0,4,
新屋1,1990,8,--,28.0,419.0,13,
新屋1,1990,9,--,26.1,215.0,13,
新屋1,1991,1,--,14.8,119.5,18,
新屋1,1991,10,--,21.7,58.0,13,
新屋1,1991,11,--,19.1,23.0,10,
新屋1,1991,12,--,16.9,80.0,9,
新屋1,1991,2,--,15.2,82.5,7,
新屋1,1991,3,--,18.3,142.0,14,
新屋1,1991,4,--,20.9,137.0,10,
新屋1,1991,5,--,24.4,108.0,4,
新屋1,1991,6,--,27.4,250.5,9,
新屋1,1991,7,--,28.5,1.5,2,
新屋1,1991,8,--,28.4,29.5,5,
新屋1,1991,9,--,26.3,147.5,15,
新屋1,1992,1,--,14.2,98.0,13,
新屋1,1992,10,--,21.7,149.5,9,
新屋1,1992,11,--,18.9,55.0,13,
新屋1,1992,12,--,17.6,83.0,9,
新屋1,1992,2,--,13.5,354.0,19,
新屋1,1992,3,--,16.8,199.5,20,
新屋1,1992,4,--,20.4,255.5,17,
新屋1,1992,5,--,22.8,253.5,12,
新屋1,1992,6,--,25.8,205.5,11,
新屋1,1992,7,--,28.2,39.0,2,
新屋1,1992,8,--,28.3,198.5,10,
新屋1,1992,9,--,26.4,112.5,8,
新屋1,1993,1,--,13.9,129.5,15,
新屋1,1993,10,--,22.7,68.5,5,
新屋1,1993,11,--,21.1,86.0,9,
新屋1,1993,12,--,16.5,39.5,8,
新屋1,1993,2,--,16.2,23.0,8,
新屋1,1993,3,--,17.0,178.0,17,
新屋1,1993,4,--,19.9,148.0,18,
新屋1,1993,5,--,24.2,162.0,10,
新屋1,1993,6,--,27.0,331.5,10,
新屋1,1993,7,--,28.6,65.5,4,
新屋1,1993,8,--,28.4,73.5,6,
新屋1,1993,9,--,26.8,17.5,4,
新屋1,1994,1,--,15.2,61.0,7,
新屋1,1994,10,--,22.5,130.0,9,
新屋1,1994,11,--,21.1,2.0,3,
新屋1,1994,12,--,19.0,76.5,11,
新屋1,1994,2,--,15.3,239.0,17,
新屋1,1994,3,--,15.7,164.0,17,
新屋1,1994,4,--,22.8,72.0,10,
新屋1,1994,5,--,25.1,274.0,7,
新屋1,1994,6,--,27.5,105.0,6,
新屋1,1994,7,--,28.8,110.0,6,
新屋1,1994,8,--,28.0,262.5,14,
新屋1,1994,9,--,25.3,121.0,5,
新屋1,1995,1,--,14.6,89.0,16,
新屋1,1995,10,--,23.9,12.5,5,
新屋1,1995,11,--,19.0,18.5,2,
新屋1,1995,12,--,15.7,22.5,4,
新屋1,1995,2,--,13.3,203.5,18,
新屋1,1995,3,--,15.8,201.5,19,
新屋1,1995,4,--,21.1,108.0,10,
新屋1,1995,5,--,23.4,189.0,13,
新屋1,1995,6,--,26.9,146.5,7,
新屋1,1995,7,--,28.3,175.5,9,
新屋1,1995,8,--,28.0,76.5,9,
新屋1,1995,9,--,26.6,151.0,6,
新屋1,1996,1,--,14.9,39.0,11,
新屋1,1996,10,--,24.1,205.0,5,
新屋1,1996,11,--,21.2,3.0,6,
新屋1,1996,12,--,16.7,3.0,3,
新屋1,1996,2,--,14.3,190.5,7,
新屋1,1996,3,--,17.0,187.0,15,
新屋1,1996,4,--,18.0,261.5,19,
新屋1,1996,5,--,22.7,363.5,19,
新屋1,1996,6,--,27.9,65.5,11,
新屋1,1996,7,--,28.8,192.0,10,
新屋1,1996,8,--,28.3,130.0,6,
新屋1,1996,9,--,27.4,7.5,5,
新屋1,1997,1,--,14.6,7.5,2,
新屋1,1997,10,--,23.5,37.0,6,
新屋1,1997,11,--,21.1,76.5,4,
新屋1,1997,12,--,17.5,77.5,13,
新屋1,1997,2,--,14.7,182.5,16,
新屋1,1997,3,--,18.4,133.0,13,
新屋1,1997,4,--,21.3,91.5,6,
新屋1,1997,5,--,24.7,202.0,8,
新屋1,1997,6,--,25.6,511.0,18,
新屋1,1997,7,--,28.2,44.0,7,
新屋1,1997,8,--,28.3,180.0,10,
新屋1,1997,9,--,25.4,134.5,11,
新屋1,1998,1,/,15.1,150.5,17,
新屋1,1998,10,--,24.2,301.5,13,
新屋1,1998,11,--,21.6,23.0,9,
新屋1,1998,12,--,18.6,132.5,11,
新屋1,1998,2,--,15.4,414.5,18,
新屋1,1998,3,--,17.5,267.5,15,
新屋1,1998,4,--,23.6,206.5,15,
新屋1,1998,5,--,25.8,186.5,10,
新屋1,1998,6,--,27.3,236.0,13,
新屋1,1998,7,--,29.1,60.0,7,
新屋1,1998,8,--,29.3,312.0,7,
新屋1,1998,9,--,26.4,212.0,11,
新屋1,1999,1,/,16.0,74.5,7,
新屋1,1999,10,--,X,36.0,3,
新屋1,1999,11,--,20.5,36.0,4,
新屋1,1999,12,--,16.3,102.0,12,
新屋1,1999,2,/,16.1,11.0,5,
新屋1,1999,3,--,18.5,225.5,14,
新屋1,1999,4,--,21.8,60.5,9,
新屋1,1999,5,--,23.2,383.5,14,
新屋1,1999,6,--,27.3,137.0,9,
新屋1,1999,7,--,28.8,43.5,8,
新屋1,1999,8,--,28.2,72.0,8,
新屋1,1999,9,--,X,23.5,4,
新屋1,2000,1,/,15.6,53.5,12,
新屋1,2000,10,/,24.8,143.0,8,
新屋1,2000,11,/,21.1,231.5,11,
新屋1,2000,12,/,18.8,167.5,11,
新屋1,2000,2,/,14.9,318.0,15,
新屋1,2000,3,/,16.6,112.0,10,
新屋1,2000,4,/,20.5,269.0,18,
新屋1,2000,5,/,24.8,51.5,6,
新屋1,2000,6,/,27.0,361.5,9,
新屋1,2000,7,/,28.6,126.5,6,
新屋1,2000,8,/,27.8,240.0,17,
新屋1,2000,9,/,26.3,82.0,7,
新屋1,2001,1,/,16.2,121.5,11,
新屋1,2001,10,/,23.5,14.5,5,
新屋1,2001,11,/,19.6,11.5,5,
新屋1,2001,12,/,17.2,32.5,9,
新屋1,2001,2,/,16.4,6.5,9,
新屋1,2001,3,/,18.2,177.0,14,
新屋1,2001,4,/,21.0,163.5,16,
新屋1,2001,5,/,24.7,210.0,15,
新屋1,2001,6,/,27.8,130.5,9,
新屋1,2001,7,/,29.0,157.5,8,
新屋1,2001,8,/,29.6,76.0,6,
新屋1,2001,9,/,26.0,1173.5,21,
新屋1,2002,1,/,15.1,48.0,9,
新屋1,2002,10,/,24.3,55.0,9,
新屋1,2002,11,/,20.0,21.0,10,
新屋1,2002,12,/,17.8,56.5,8,
新屋1,2002,2,/,16.6,66.5,7,
新屋1,2002,3,/,20.0,188.5,10,
新屋1,2002,4,/,22.9,24.5,4,
新屋1,2002,5,/,25.4,101.5,7,
新屋1,2002,6,/,27.8,84.0,8,
新屋1,2002,7,/,28.9,202.5,8,
新屋1,2002,8,/,29.1,26.0,5,
新屋1,2002,9,/,26.7,105.5,11,
新屋1,2003,1,/,14.9,88.5,10,
新屋1,2003,10,/,23.9,13.5,6,
新屋1,2003,11,/,21.2,29.5,11,
新屋1,2003,12,/,16.5,3.0,4,
新屋1,2003,2,/,16.2,24.5,9,
新屋1,2003,3,/,17.3,105.0,11,
新屋1,2003,4,/,22.6,199.0,12,
新屋1,2003,5,/,24.6,84.5,8,
新屋1,2003,6,/,26.6,167.5,12,
新屋1,2003,7,/,29.9,12.5,3,
新屋1,2003,8,/,29.8,6.5,5,
新屋1,2003,9,/,27.8,57.5,6,
新屋1,2004,1,/,14.4,92.5,12,
新屋1,2004,10,/,22.0,88.5,9,
新屋1,2004,11,/,21.4,19.5,4,
新屋1,2004,12,/,18.2,107.5,9,
新屋1,2004,2,/,16.5,162.0,8,
新屋1,2004,3,/,16.7,234.0,16,
新屋1,2004,4,/,21.3,137.0,9,
新屋1,2004,5,/,25.5,175.0,11,
新屋1,2004,6,/,27.3,4.0,4,
新屋1,2004,7,/,28.3,224.0,9,
新屋1,2004,8,/,28.6,352.5,11,
新屋1,2004,9,/,26.3,512.5,15,
新屋1,2005,1,/,14.0,61.5,11,
新屋1,2005,10,/,24.1,114.0,11,
新屋1,2005,11,/,21.9,15.0,5,
新屋1,2005,12,/,15.3,55.5,12,
新屋1,2005,2,/,14.0,301.5,19,
新屋1,2005,3,/,15.4,270.5,16,
新屋1,2005,4,/,21.8,52.0,11,
新屋1,2005,5,/,25.2,624.5,14,
新屋1,2005,6,/,27.2,168.5,12,
新屋1,2005,7,/,28.6,275.0,5,
新屋1,2005,8,/,28.2,332.5,13,
新屋1,2005,9,/,27.9,64.0,9,
新屋1,2006,1,/,15.7,61.0,12,
新屋1,2006,10,/,24.8,0.5,1,
新屋1,2006,11,/,21.8,96.5,17,
新屋1,2006,12,/,17.7,176.5,11,
新屋1,2006,2,/,15.8,105.5,11,
新屋1,2006,3,/,17.1,220.0,15,
新屋1,2006,4,/,22.0,326.0,15,
新屋1,2006,5,/,24.3,305.5,16,
新屋1,2006,6,/,27.1,587.0,11,
新屋1,2006,7,/,29.1,283.5,10,
新屋1,2006,8,/,28.8,41.0,5,
新屋1,2006,9,/,26.6,316.5,8,
新屋1,2007,1,/,15.8,109.5,10,
新屋1,2007,10,74,23.8,221.0,7,
新屋1,2007,11,77,19.7,150.0,14,
新屋1,2007,12,77,18.0,39.0,6,
新屋1,2007,2,/,17.2,67.0,8,
新屋1,2007,3,/,18.5,224.5,15,
新屋1,2007,4,/,20.2,171.0,16,
新屋1,2007,5,83,25.5,85.0,10,
新屋1,2007,6,/,27.3,764.0,15,
新屋1,2007,7,/,29.7,5.0,2,
新屋1,2007,8,/,28.2,224.5,17,
新屋1,2007,9,66,27.2,194.0,10,
新屋1,2008,1,81,15.5,104.5,11,
新屋1,2008,10,75,25.3,32.0,2,
新屋1,2008,11,74,20.7,137.0,9,
新屋1,2008,12,70,17.1,42.0,5,
新屋1,2008,2,82,12.8,188.0,21,
新屋1,2008,3,72,17.9,139.0,10,
新屋1,2008,4,77,21.8,210.5,15,
新屋1,2008,5,73,24.3,274.5,14,
新屋1,2008,6,78,26.9,202.5,12,
新屋1,2008,7,76,28.3,284.0,11,
新屋1,2008,8,71,29.0,0.0,0,
新屋1,2008,9,75,27.5,672.0,14,
新屋2,2008,1,83,15.6,88.0,11,
新屋2,2008,10,77,24.9,25.5,4,
新屋2,2008,11,72,20.9,70.0,7,
新屋2,2008,12,71,17.0,21.5,5,
新屋2,2008,2,82,13.0,127.0,19,
新屋2,2008,3,78,17.5,88.0,10,
新屋2,2008,4,80,21.5,171.0,15,
新屋2,2008,5,76,24.1,191.5,10,
新屋2,2008,6,79,26.8,118.5,10,
新屋2,2008,7,78,28.0,231.5,9,
新屋2,2008,8,77,28.3,0.0,0,
新屋2,2008,9,79,27.0,413.5,14,
新屋2,2009,1,72,14.4,18.0,4,
新屋2,2009,10,69,24.0,49.0,7,
新屋2,2009,11,75,20.5,90.0,13,
新屋2,2009,12,71,16.2,50.0,9,
新屋2,2009,2,80,18.2,26.0,8,
新屋2,2009,3,79,17.4,150.5,18,
新屋2,2009,4,73,20.2,80.5,10,
新屋2,2009,5,68,24.2,26.0,3,
新屋2,2009,6,76,27.0,180.0,8,
新屋2,2009,7,74,28.7,100.0,4,
新屋2,2009,8,75,28.8,214.0,6,
新屋2,2009,9,68,28.6,9.0,5,
新屋2,2010,1,77,15.3,92.5,12,
新屋2,2010,10,77,23.7,55.0,6,
新屋2,2010,11,74,20.3,30.0,10,
新屋2,2010,12,72,16.0,67.5,4,
新屋2,2010,2,84,15.9,166.0,15,
新屋2,2010,3,77,18.0,103.5,10,
新屋2,2010,4,80,19.4,136.0,18,
新屋2,2010,5,80,23.9,241.0,11,
新屋2,2010,6,80,25.7,205.0,15,
新屋2,2010,7,75,28.8,13.0,5,
新屋2,2010,8,74,28.9,218.0,5,
新屋2,2010,9,78,27.5,77.0,8,
新屋2,2011,1,78,13.0,68.0,16,
新屋2,2011,10,77,23.6,35.0,6,
新屋2,2011,11,84,22.0,310.0,13,
新屋2,2011,12,80,16.2,79.5,13,
新屋2,2011,2,81,14.4,75.0,10,
新屋2,2011,3,74,14.7,88.0,10,
新屋2,2011,4,76,20.1,20.5,7,
新屋2,2011,5,84,23.3,317.0,16,
新屋2,2011,6,81,27.6,198.0,8,
新屋2,2011,7,80,28.1,120.0,11,
新屋2,2011,8,78,28.6,40.0,7,
新屋2,2011,9,74,26.7,7.5,3,
新屋2,2012,1,84,14.9,156.5,15,
新屋2,2012,10,70,23.6,47.0,2,
新屋2,2012,11,/,20.8,316.0,13,
新屋2,2012,12,90,17.3,170.5,16,
新屋2,2012,2,91,14.0,175.5,16,
新屋2,2012,3,94,16.1,78.0,13,
新屋2,2012,4,/,22.4,401.5,17,
新屋2,2012,5,/,24.7,257.0,12,
新屋2,2012,6,/,26.8,552.5,13,
新屋2,2012,7,87,29.1,57.0,5,
新屋2,2012,8,/,28.4,294.0,10,
新屋2,2012,9,/,26.7,5.0,5,
新屋2,2013,1,/,15.6,69.5,13,
新屋2,2013,10,74,23.7,7.0,7,
新屋2,2013,11,77,20.2,39.0,10,
新屋2,2013,12,76,15.7,155.0,14,
新屋2,2013,2,/,16.3,31.0,10,
新屋2,2013,3,86,18.5,84.5,13,
新屋2,2013,4,81,20.4,279.0,19,
新屋2,2013,5,82,25.1,408.0,13,
新屋2,2013,6,81,28.0,49.0,8,
新屋2,2013,7,75,28.5,118.0,4,
新屋2,2013,8,81,28.3,525.5,12,
新屋2,2013,9,80,26.6,36.5,8,
新屋3,2013,1,--,--,--,--,--
新屋3,2013,10,71,24.3,7.0,8,170.5
新屋3,2013,11,75,20.7,37.0,10,128.0
新屋3,2013,12,75,16.2,163.0,12,75.2
新屋3,2013,2,--,--,--,--,--
新屋3,2013,3,--,--,--,--,--
新屋3,2013,4,--,--,--,--,--
新屋3,2013,5,--,--,--,--,--
新屋3,2013,6,--,--,--,--,--
新屋3,2013,7,77,28.8,114.3,4,266.6
新屋3,2013,8,81,28.8,510.6,12,228.6
新屋3,2013,9,77,27.2,34.5,9,218.5
新屋3,2014,1,72,15.5,7.6,3,177.4
新屋3,2014,10,73,24.1,18.9,6,206.0
新屋3,2014,11,79,21.4,23.5,10,113.0
新屋3,2014,12,73,15.9,65.9,10,96.4
新屋3,2014,2,84,15.2,158.9,13,93.2
新屋3,2014,3,80,17.4,78.3,12,85.5
新屋3,2014,4,80,21.5,89.9,8,132.2
新屋3,2014,5,88,24.4,567.6,20,71.9
新屋3,2014,6,86,27.5,132.2,11,169.0
新屋3,2014,7,79,29.8,40.7,5,283.1
新屋3,2014,8,80,29.3,46.5,4,261.9
新屋3,2014,9,78,28.9,29.5,2,273.9
新屋3,2015,1,74,15.6,18.0,3,148.0
新屋3,2015,10,77,24.7,97.2,7,159.2
新屋3,2015,11,79,22.8,13.5,5,138.3
新屋3,2015,12,77,18.4,87.3,10,65.6
新屋3,2015,2,79,15.8,81.0,8,89.9
新屋3,2015,3,87,17.7,134.5,15,97.3
新屋3,2015,4,84,21.5,104.0,10,146.4
新屋3,2015,5,87,25.1,360.8,14,113.6
新屋3,2015,6,84,28.9,21.4,5,269.0
新屋3,2015,7,80,29.1,8.7,6,242.4
新屋3,2015,8,84,28.0,205.4,15,182.3
新屋3,2015,9,79,26.6,84.1,7,197.7
新屋3,2016,1,81,15.7,263.4,20,46.1
新屋3,2016,10,85,26.3,69.7,11,168.8
新屋3,2016,11,81,21.9,111.4,11,123.8
新屋3,2016,12,76,19.3,10.7,4,131.1
新屋3,2016,2,77,14.3,82.1,16,71.4
新屋3,2016,3,82,16.3,271.4,18,83.7
新屋3,2016,4,86,22.6,172.6,13,78.1
新屋3,2016,5,84,26.2,83.6,9,161.1
新屋3,2016,6,83,28.7,476.1,11,228.6
新屋3,2016,7,79,29.6,17.6,4,299.7
新屋3,2016,8,79,29.1,88.0,9,220.2
新屋3,2016,9,83,27.4,218.0,17,131.5
新屋3,2017,1,79,17.5,25.4,5,92.3
新屋3,2017,10,76,25.2,159.8,11,154.7
新屋3,2017,11,84,21.5,68.8,17,69.6
新屋3,2017,12,75,17.2,40.1,11,108.1
新屋3,2017,2,75,15.9,82.1,8,102.0
新屋3,2017,3,81,17.4,170.7,17,75.8
新屋3,2017,4,77,21.9,121.3,12,143.1
新屋3,2017,5,81,25.3,83.4,8,151.8
新屋3,2017,6,86,27.6,761.2,13,162.5
新屋3,2017,7,78,29.8,37.3,6,279.6
新屋3,2017,8,77,29.9,23.8,3,278.8
新屋3,2017,9,78,28.7,18.3,7,222.9
新屋3,2018,1,79,15.9,282.5,13,114.6
新屋3,2018,10,73,23.1,54.8,14,157.1
新屋3,2018,11,82,21.8,36.5,12,117.3
新屋3,2018,12,82,18.5,78.1,15,97.7
新屋3,2018,2,80,14.2,106.6,13,72.4
新屋3,2018,3,76,19.0,47.6,10,167.2
新屋3,2018,4,76,22.6,75.2,9,160.1
新屋3,2018,5,79,26.7,24.2,1,241.7
新屋3,2018,6,80,27.4,63.7,10,175.2
新屋3,2018,7,77,29.3,57.3,9,257.2
新屋3,2018,8,81,28.7,207.4,18,190.9
新屋3,2018,9,80,27.4,103.1,9,182.9
新屋3,2019,1,81,17.1,49.5,10,102.3
新屋3,2019,10,70,24.4,8.8,6,222.7
新屋3,2019,11,71,21.2,32.5,9,159.2
新屋3,2019,12,75,18.0,186.0,9,107.5
新屋3,2019,2,85,17.5,72.9,10,47.3
新屋3,2019,3,81,18.8,229.7,17,89.8
新屋3,2019,4,82,23.1,115.0,14,140.0
新屋3,2019,5,81,24.1,500.7,18,103.7
新屋3,2019,6,82,27.7,454.6,13,157.6
新屋3,2019,7,76,29.7,52.4,9,234.5
新屋3,2019,8,78,29.3,172.6,10,222.0
新屋3,2019,9,75,26.8,221.4,13,176.8
新屋3,2020,1,82,16.5,42.0,5,101.6
新屋3,2020,10,75,24.0,28.0,9,149.3
新屋3,2020,11,77,22.4,13.0,6,149.7
新屋3,2020,12,83,17.4,101.0,21,25.1
新屋3,2020,2,83,16.9,53.7,5,138.6
新屋3,2020,3,87,19.3,167.8,12,105.7
新屋3,2020,4,81,20.0,71.3,14,119.8
新屋3,2020,5,86,25.8,413.4,13,155.8
新屋3,2020,6,82,28.7,36.4,4,261.5
新屋3,2020,7,78,30.0,5.5,3,262.7
新屋3,2020,8,80,29.2,153.0,8,239.1
新屋3,2020,9,81,26.7,105.5,8,158.2
新屋3,2021,1,78,14.6,42.0,9,135.3
新屋3,2021,10,74,25.7,179.0,11,174.1
新屋3,2021,11,77,20.9,46.0,9,97.5
新屋3,2021,12,79,17.6,84.0,10,119.1
新屋3,2021,2,82,16.7,62.0,7,157.7
新屋3,2021,3,88,17.9,91.0,7,102.0
新屋3,2021,4,81,21.2,61.0,4,132.7
新屋3,2021,5,85,26.6,88.0,5,197.5
新屋3,2021,6,84,27.9,211.0,9,220.6
新屋3,2021,7,81,29.1,81.0,6,274.9
新屋3,2021,8,83,28.3,237.0,5,240.0
新屋3,2021,9,77,28.9,5.5,2,287.6
新屋3,2022,1,84,16.5,85.0,14,70.8
新屋3,2022,10,82,24.0,170.5,12,136.1
新屋3,2022,11,91,22.7,120.5,7,124.6
新屋3,2022,12,88,16.2,122.5,18,89.7
新屋3,2022,2,88,15.3,257.0,17,31.7
新屋3,2022,3,87,19.2,155.5,10,140.2
新屋3,2022,4,84,21.4,59.5,9,142.1
新屋3,2022,5,92,22.7,528.0,19,76.9
新屋3,2022,6,86,27.2,215.0,11,170.8
新屋3,2022,7,83,29.4,68.0,7,321.5
新屋3,2022,8,84,29.4,29.0,3,268.5
新屋3,2022,9,83,27.0,46.0,10,201.8
新屋3,2023,1,87,15.7,18.5,11,91.4
新屋3,2023,10,82,24.8,53.5,11,132.8
新屋3,2023,11,78,21.4,9.5,3,196.2
新屋3,2023,12,85,18.0,87.0,12,96.6
新屋3,2023,2,90,15.3,68.0,7,62.8
新屋3,2023,3,85,18.5,26.5,7,155.4
新屋3,2023,4,87,21.5,161.5,10,120.0
新屋3,2023,5,85,24.6,366.5,11,159.6
新屋3,2023,6,88,27.9,82.5,9,208.0
新屋3,2023,7,81,29.6,9.5,3,274.0
新屋3,2023,8,84,29.0,197.0,11,242.8
新屋3,2023,9,83,28.2,34.0,6,227.2
新屋3,2024,1,82,15.8,43.0,7,123.3
新屋3,2024,10,84,25.3,171.0,16,133.2
新屋3,2024,11,80,21.6,72.0,13,105.8
新屋3,2024,12,75,17.0,25.0,10,92.2
新屋3,2024,2,88,16.4,63.0,10,102.1
新屋3,2024,3,81,18.5,151.0,10,117.6
新屋3,2024,4,85,24.2,190.0,14,100.3
新屋3,2024,5,83,24.4,139.5,12,125.5
新屋3,2024,6,84,27.8,187.5,9,166.8
新屋3,2024,7,78,29.8,101.5,5,286.7
新屋3,2024,8,79,29.3,36.5,2,275.9
新屋3,2024,9,81,28.7,341.0,12,202.4
新屋3,2025,1,69,15.4,22.0,7,130.7
新屋3,2025,10,80,28.5,0.0,0,50.3
新屋3,2025,11,--,--,--,--,--
新屋3,2025,12,--,--,--,--,--
新屋3,2025,2,81,15.2,79.0,10,78.3
新屋3,2025,3,81,17.4,227.5,12,125.4
新屋3,2025,4,80,21.9,237.0,12,139.3
新屋3,2025,5,82,25.1,344.0,9,150.8
新屋3,2025,6,82,28.2,40.5,8,227.8
新屋3,2025,7,82,28.6,375.0,15,173.7
新屋3,2025,8,75,29.4,0.5,1,294.5
新屋3,2025,9,79,29.0,20.0,4,221.9
板橋,1972,1,--,--,--,--,--
板橋,1972,10,--,--,--,--,--
板橋,1972,11,--,--,--,--,--
板橋,1972,12,--,--,--,--,--
板橋,1972,2,--,--,--,--,--
板橋,1972,3,--,--,--,--,--
板橋,1972,4,--,--,--,--,--
板橋,1972,5,--,--,--,--,--
板橋,1972,6,--,--,--,--,--
板橋,1972,7,--,--,--,--,--
板橋,1972,8,--,--,--,--,--
板橋,1972,9,--,--,--,--,--
板橋,1973,1,--,--,--,--,--
板橋,1973,10,--,--,--,--,--
板橋,1973,11,--,--,--,--,--
板橋,1973,12,--,--,--,--,--
板橋,1973,2,--,--,--,--,--
板橋,1973,3,--,--,--,--,--
板橋,1973,4,--,--,--,--,--
板橋,1973,5,--,--,--,--,--
板橋,1973,6,--,--,--,--,--
板橋,1973,7,--,--,--,--,--
板橋,1973,8,--,--,--,--,--
板橋,1973,9,--,--,--,--,--
板橋,1974,1,--,--,--,--,--
板橋,1974,10,--,--,--,--,--
板橋,1974,11,--,--,--,--,--
板橋,1974,12,--,--,--,--,--
板橋,1974,2,--,--,--,--,--
板橋,1974,3,--,--,--,--,--
板橋,1974,4,--,--,--,--,--
板橋,1974,5,--,--,--,--,--
板橋,1974,6,--,--,--,--,--
板橋,1974,7,--,--,--,--,--
板橋,1974,8,--,--,--,--,--
板橋,1974,9,--,--,--,--,--
板橋,1975,1,--,--,--,--,--
板橋,1975,10,--,--,--,--,--
板橋,1975,11,--,--,--,--,--
板橋,1975,12,--,--,--,--,--
板橋,1975,2,--,--,--,--,--
板橋,1975,3,--,--,--,--,--
板橋,1975,4,--,--,--,--,--
板橋,1975,5,--,--,--,--,--
板橋,1975,6,--,--,--,--,--
板橋,1975,7,--,--,--,--,--
板橋,1975,8,--,--,--,--,--
板橋,1975,9,--,--,--,--,--
板橋,1976,1,--,--,--,--,--
板橋,1976,10,--,--,--,--,--
板橋,1976,11,--,--,--,--,--
板橋,1976,12,--,--,--,--,--
板橋,1976,2,--,--,--,--,--
板橋,1976,3,--,--,--,--,--
板橋,1976,4,--,--,--,--,--
板橋,1976,5,--,--,--,--,--
板橋,1976,6,--,--,--,--,--
板橋,1976,7,--,--,--,--,--
板橋,1976,8,--,--,--,--,--
板橋,1976,9,--,--,--,--,--
板橋,1977,1,--,--,--,--,--
板橋,1977,10,--,--,--,--,--
板橋,1977,11,--,--,--,--,--
板橋,1977,12,--,--,--,--,--
板橋,1977,2,--,--,--,--,--
板橋,1977,3,--,--,--,--,--
板橋,1977,4,--,--,--,--,--
板橋,1977,5,--,--,--,--,--
板橋,1977,6,--,--,--,--,--
板橋,1977,7,--,--,--,--,--
板橋,1977,8,--,--,--,--,--
板橋,1977,9,--,--,--,--,--
板橋,1978,1,--,--,--,--,--
板橋,1978,10,--,--,--,--,--
板橋,1978,11,--,--,--,--,--
板橋,1978,12,--,--,--,--,--
板橋,1978,2,--,--,--,--,--
板橋,1978,3,--,--,--,--,--
板橋,1978,4,--,--,--,--,--
板橋,1978,5,--,--,--,--,--
板橋,1978,6,--,--,--,--,--
板橋,1978,7,--,--,--,--,--
板橋,1978,8,--,--,--,--,--
板橋,1978,9,--,--,--,--,--
板橋,1979,1,--,--,--,--,--
板橋,1979,10,--,--,--,--,--
板橋,1979,11,--,--,--,--,--
板橋,1979,12,--,--,--,--,--
板橋,1979,2,--,--,--,--,--
板橋,1979,3,--,--,--,--,--
板橋,1979,4,--,--,--,--,--
板橋,1979,5,--,--,--,--,--
板橋,1979,6,--,--,--,--,--
板橋,1979,7,--,--,--,--,--
板橋,1979,8,--,--,--,--,--
板橋,1979,9,--,--,--,--,--
板橋,1980,1,--,--,--,--,--
板橋,1980,10,--,--,--,--,--
板橋,1980,11,--,--,--,--,--
板橋,1980,12,--,--,--,--,--
板橋,1980,2,--,--,--,--,--
板橋,1980,3,--,--,--,--,--
板橋,1980,4,--,--,--,--,--
板橋,1980,5,--,--,--,--,--
板橋,1980,6,--,--,--,--,--
板橋,1980,7,--,--,--,--,--
板橋,1980,8,--,--,--,--,--
板橋,1980,9,--,--,--,--,--
板橋,1981,1,--,--,--,--,--
板橋,1981,10,--,--,--,--,--
板橋,1981,11,--,--,--,--,--
板橋,1981,12,--,--,--,--,--
板橋,1981,2,--,--,--,--,--
板橋,1981,3,--,--,--,--,--
板橋,1981,4,--,--,--,--,--
板橋,1981,5,--,--,--,--,--
板橋,1981,6,--,--,--,--,--
板橋,1981,7,--,--,--,--,--
板橋,1981,8,--,--,--,--,--
板橋,1981,9,--,--,--,--,--
板橋,1982,1,--,--,--,--,--
板橋,1982,10,--,--,--,--,--
板橋,1982,11,--,--,--,--,--
板橋,1982,12,--,--,--,--,--
板橋,1982,2,--,--,--,--,--
板橋,1982,3,--,--,--,--,--
板橋,1982,4,--,--,--,--,--
板橋,1982,5,--,--,--,--,--
板橋,1982,6,--,--,--,--,--
板橋,1982,7,--,--,--,--,--
板橋,1982,8,--,--,--,--,--
板橋,1982,9,--,--,--,--,--
板橋,1983,1,--,--,--,--,--
板橋,1983,10,--,--,--,--,--
板橋,1983,11,--,--,--,--,--
板橋,1983,12,--,--,--,--,--
板橋,1983,2,--,--,--,--,--
板橋,1983,3,--,--,--,--,--
板橋,1983,4,--,--,--,--,--
板橋,1983,5,--,--,--,--,--
板橋,1983,6,--,--,--,--,--
板橋,1983,7,--,--,--,--,--
板橋,1983,8,--,--,--,--,--
板橋,1983,9,--,--,--,--,--
板橋,1984,1,--,--,--,--,--
板橋,1984,10,--,--,--,--,--
板橋,1984,11,--,--,--,--,--
板橋,1984,12,--,--,--,--,--
板橋,1984,2,--,--,--,--,--
板橋,1984,3,--,--,--,--,--
板橋,1984,4,--,--,--,--,--
板橋,1984,5,--,--,--,--,--
板橋,1984,6,--,--,--,--,--
板橋,1984,7,--,--,--,--,--
板橋,1984,8,--,--,--,--,--
板橋,1984,9,--,--,--,--,--
板橋,1985,1,--,--,--,--,--
板橋,1985,10,--,--,--,--,--
板橋,1985,11,--,--,--,--,--
板橋,1985,12,--,--,--,--,--
板橋,1985,2,--,--,--,--,--
板橋,1985,3,--,--,--,--,--
板橋,1985,4,--,--,--,--,--
板橋,1985,5,--,--,--,--,--
板橋,1985,6,--,--,--,--,--
板橋,1985,7,--,--,--,--,--
板橋,1985,8,--,--,--,--,--
板橋,1985,9,--,--,--,--,--
板橋,1986,1,--,--,--,--,--
板橋,1986,10,--,--,--,--,--
板橋,1986,11,--,--,--,--,--
板橋,1986,12,--,--,--,--,--
板橋,1986,2,--,--,--,--,--
板橋,1986,3,--,--,--,--,--
板橋,1986,4,--,--,--,--,--
板橋,1986,5,--,--,--,--,--
板橋,1986,6,--,--,--,--,--
板橋,1986,7,--,--,--,--,--
板橋,1986,8,--,--,--,--,--
板橋,1986,9,--,--,--,--,--
板橋,1987,1,--,--,--,--,--
板橋,1987,10,--,--,--,--,--
板橋,1987,11,--,--,--,--,--
板橋,1987,12,--,--,--,--,--
板橋,1987,2,--,--,--,--,--
板橋,1987,3,--,--,--,--,--
板橋,1987,4,--,--,--,--,--
板橋,1987,5,--,--,--,--,--
板橋,1987,6,--,--,--,--,--
板橋,1987,7,--,--,--,--,--
板橋,1987,8,--,--,--,--,--
板橋,1987,9,--,--,--,--,--
板橋,1988,1,--,--,--,--,--
板橋,1988,10,--,--,--,--,--
板橋,1988,11,--,--,--,--,--
板橋,1988,12,--,--,--,--,--
板橋,1988,2,--,--,--,--,--
板橋,1988,3,--,--,--,--,--
板橋,1988,4,--,--,--,--,--
板橋,1988,5,--,--,--,--,--
板橋,1988,6,--,--,--,--,--
板橋,1988,7,--,--,--,--,--
板橋,1988,8,--,--,--,--,--
板橋,1988,9,--,--,--,--,--
板橋,1989,1,--,--,--,--,--
板橋,1989,10,--,--,--,--,--
板橋,1989,11,--,--,--,--,--
板橋,1989,12,--,--,--,--,--
板橋,1989,2,--,--,--,--,--
板橋,1989,3,--,--,--,--,--
板橋,1989,4,--,--,--,--,--
板橋,1989,5,--,--,--,--,--
板橋,1989,6,--,--,--,--,--
板橋,1989,7,--,--,--,--,--
板橋,1989,8,--,--,--,--,--
板橋,1989,9,--,--,--,--,--
板橋,1990,1,--,--,--,--,--
板橋,1990,10,--,--,--,--,--
板橋,1990,11,--,--,--,--,--
板橋,1990,12,--,--,--,--,--
板橋,1990,2,--,--,--,--,--
板橋,1990,3,--,--,--,--,--
板橋,1990,4,--,--,--,--,--
板橋,1990,5,--,--,--,--,--
板橋,1990,6,--,--,--,--,--
板橋,1990,7,--,--,--,--,--
板橋,1990,8,--,--,--,--,--
板橋,1990,9,--,--,--,--,--
板橋,1991,1,--,--,--,--,--
板橋,1991,10,--,--,--,--,--
板橋,1991,11,--,--,--,--,--
板橋,1991,12,--,--,--,--,--
板橋,1991,2,--,--,--,--,--
板橋,1991,3,--,--,--,--,--
板橋,1991,4,--,--,--,--,--
板橋,1991,5,--,--,--,--,--
板橋,1991,6,--,--,--,--,--
板橋,1991,7,--,--,--,--,--
板橋,1991,8,--,--,--,--,--
板橋,1991,9,--,--,--,--,--
板橋,1992,1,--,--,--,--,--
板橋,1992,10,--,--,--,--,--
板橋,1992,11,--,--,--,--,--
板橋,1992,12,--,--,--,--,--
板橋,1992,2,--,--,--,--,--
板橋,1992,3,--,--,--,--,--
板橋,1992,4,--,--,--,--,--
板橋,1992,5,--,--,--,--,--
板橋,1992,6,--,--,--,--,--
板橋,1992,7,--,--,--,--,--
板橋,1992,8,--,--,--,--,--
板橋,1992,9,--,--,--,--,--
板橋,1993,1,--,--,--,--,--
板橋,1993,10,--,--,--,--,--
板橋,1993,11,--,--,--,--,--
板橋,1993,12,--,--,--,--,--
板橋,1993,2,--,--,--,--,--
板橋,1993,3,--,--,--,--,--
板橋,1993,4,--,--,--,--,--
板橋,1993,5,--,--,--,--,--
板橋,1993,6,--,--,--,--,--
板橋,1993,7,--,--,--,--,--
板橋,1993,8,--,--,--,--,--
板橋,1993,9,--,--,--,--,--
板橋,1994,1,--,--,--,--,--
板橋,1994,10,--,--,--,--,--
板橋,1994,11,--,--,--,--,--
板橋,1994,12,--,--,--,--,--
板橋,1994,2,--,--,--,--,--
板橋,1994,3,--,--,--,--,--
板橋,1994,4,--,--,--,--,--
板橋,1994,5,--,--,--,--,--
板橋,1994,6,--,--,--,--,--
板橋,1994,7,--,--,--,--,--
板橋,1994,8,--,--,--,--,--
板橋,1994,9,--,--,--,--,--
板橋,1995,1,--,--,--,--,--
板橋,1995,10,--,--,--,--,--
板橋,1995,11,--,--,--,--,--
板橋,1995,12,--,--,--,--,--
板橋,1995,2,--,--,--,--,--
板橋,1995,3,--,--,--,--,--
板橋,1995,4,--,--,--,--,--
板橋,1995,5,--,--,--,--,--
板橋,1995,6,--,--,--,--,--
板橋,1995,7,--,--,--,--,--
板橋,1995,8,--,--,--,--,--
板橋,1995,9,--,--,--,--,--
板橋,1996,1,--,--,--,--,--
板橋,1996,10,--,--,--,--,--
板橋,1996,11,--,--,--,--,--
板橋,1996,12,--,--,--,--,--
板橋,1996,2,--,--,--,--,--
板橋,1996,3,--,--,--,--,--
板橋,1996,4,--,--,--,--,--
板橋,1996,5,--,--,--,--,--
板橋,1996,6,--,--,--,--,--
板橋,1996,7,--,--,--,--,--
板橋,1996,8,--,--,--,--,--
板橋,1996,9,--,--,--,--,--
板橋,1997,1,--,--,--,--,--
板橋,1997,10,--,--,--,--,--
板橋,1997,11,--,--,--,--,--
板橋,1997,12,--,--,--,--,--
板橋,1997,2,--,--,--,--,--
板橋,1997,3,--,--,--,--,--
板橋,1997,4,--,--,--,--,--
板橋,1997,5,--,--,--,--,--
板橋,1997,6,--,--,--,--,--
板橋,1997,7,--,--,--,--,--
板橋,1997,8,--,--,--,--,--
板橋,1997,9,--,--,--,--,--
板橋,1998,1,--,--,--,--,--
板橋,1998,10,--,--,--,--,--
板橋,1998,11,--,--,--,--,--
板橋,1998,12,--,--,--,--,--
板橋,1998,2,--,--,--,--,--
板橋,1998,3,--,--,--,--,--
板橋,1998,4,--,--,--,--,--
板橋,1998,5,--,--,--,--,--
板橋,1998,6,--,--,--,--,--
板橋,1998,7,--,--,--,--,--
板橋,1998,8,--,--,--,--,--
板橋,1998,9,--,--,--,--,--
板橋,1999,1,--,--,--,--,--
板橋,1999,10,--,--,--,--,--
板橋,1999,11,--,--,--,--,--
板橋,1999,12,--,--,--,--,--
板橋,1999,2,--,--,--,--,--
板橋,1999,3,--,--,--,--,--
板橋,1999,4,--,--,--,--,--
板橋,1999,5,--,--,--,--,--
板橋,1999,6,--,--,--,--,--
板橋,1999,7,--,--,--,--,--
板橋,1999,8,--,--,--,--,--
板橋,1999,9,--,--,--,--,--
板橋,2000,1,--,--,--,--,--
板橋,2000,10,--,--,--,--,--
板橋,2000,11,--,--,--,--,--
板橋,2000,12,--,--,--,--,--
板橋,2000,2,--,--,--,--,--
板橋,2000,3,--,--,--,--,--
板橋,2000,4,--,--,--,--,--
板橋,2000,5,--,--,--,--,--
板橋,2000,6,--,--,--,--,--
板橋,2000,7,--,--,--,--,--
板橋,2000,8,--,--,--,--,--
板橋,2000,9,--,--,--,--,--
板橋,2001,1,--,--,--,--,--
板橋,2001,10,--,--,--,--,--
板橋,2001,11,--,--,--,--,--
板橋,2001,12,--,--,--,--,--
板橋,2001,2,--,--,--,--,--
板橋,2001,3,--,--,--,--,--
板橋,2001,4,--,--,--,--,--
板橋,2001,5,--,--,--,--,--
板橋,2001,6,--,--,--,--,--
板橋,2001,7,--,--,--,--,--
板橋,2001,8,--,--,--,--,--
板橋,2001,9,--,--,--,--,--
板橋,2002,1,76,15.6,80.7,13,111.3
板橋,2002,10,76,24.7,66.9,12,117.3
板橋,2002,11,77,20.4,78.6,13,96.7
板橋,2002,12,79,18.5,97.0,12,92.5
板橋,2002,2,76,17.3,87.5,10,94.4
板橋,2002,3,76,20.7,144.2,13,106.7
板橋,2002,4,79,23.5,27.7,6,101.7
板橋,2002,5,73,26.2,117.1,11,119.8
板橋,2002,6,76,28.4,109.6,8,154.9
板橋,2002,7,73,29.2,317.4,13,184.2
板橋,2002,8,68,29.7,31.4,8,203.5
板橋,2002,9,76,26.7,169.3,13,111.1
板橋,2003,1,74,15.8,64.7,8,134.6
板橋,2003,10,72,24.0,87.1,10,179.1
板橋,2003,11,83,22.0,45.0,14,66.9
板橋,2003,12,74,17.1,1.7,2,100.1
板橋,2003,2,78,17.3,35.4,9,97.8
板橋,2003,3,75,17.9,94.4,15,80.3
板橋,2003,4,77,23.4,139.5,13,112.9
板橋,2003,5,76,25.1,84.1,8,101.5
板橋,2003,6,80,27.1,193.4,12,137.7
板橋,2003,7,74,30.2,120.4,10,225.2
板橋,2003,8,75,29.5,151.0,15,190.9
板橋,2003,9,75,28.0,174.5,12,175.5
板橋,2004,1,81,15.3,112.6,15,70.5
板橋,2004,10,73,22.3,210.0,10,145.1
板橋,2004,11,73,22.0,26.2,8,157.2
板橋,2004,12,73,19.0,191.8,16,98.6
板橋,2004,2,76,17.6,189.2,8,158.1
板橋,2004,3,83,17.5,201.1,16,54.8
板橋,2004,4,77,21.8,113.9,8,103.8
板橋,2004,5,79,25.8,198.4,13,119.6
板橋,2004,6,74,27.2,69.1,11,143.3
板橋,2004,7,72,28.8,333.8,12,211.2
板橋,2004,8,73,28.6,718.3,12,178.6
板橋,2004,9,79,26.4,627.9,18,111.4
板橋,2005,1,79,15.0,83.2,14,42.8
板橋,2005,10,79,24.6,152.9,16,109.9
板橋,2005,11,77,22.6,34.0,7,111.1
板橋,2005,12,80,16.0,62.1,18,70.9
板橋,2005,2,83,15.7,403.4,18,39.4
板橋,2005,3,72,16.6,353.6,15,119.7
板橋,2005,4,72,22.4,81.2,13,93.6
板橋,2005,5,77,25.8,506.1,15,95.1
板橋,2005,6,77,27.7,367.8,18,116.4
板橋,2005,7,74,29.2,304.4,12,202.0
板橋,2005,8,79,28.5,541.8,19,128.4
板橋,2005,9,72,28.3,208.9,9,225.7
板橋,2006,1,87,17.2,72.7,15,64.5
板橋,2006,10,71,25.3,18.4,8,187.8
板橋,2006,11,76,22.3,133.5,17,108.7
板橋,2006,12,77,18.3,138.6,10,83.4
板橋,2006,2,81,17.3,79.5,9,60.1
板橋,2006,3,78,18.2,223.4,16,77.5
板橋,2006,4,77,22.7,297.6,17,65.3
板橋,2006,5,80,25.0,327.6,19,77.8
板橋,2006,6,78,27.4,342.6,18,119.4
板橋,2006,7,74,29.6,188.7,11,187.9
板橋,2006,8,72,29.2,188.6,11,206.5
板橋,2006,9,76,26.7,274.1,15,116.5
板橋,2007,1,75,16.9,108.6,10,99.1
板橋,2007,10,74,24.4,246.8,10,91.5
板橋,2007,11,77,20.4,181.2,15,75.3
板橋,2007,12,75,18.9,40.3,6,88.5
板橋,2007,2,74,18.2,70.4,10,129.6
板橋,2007,3,81,19.3,291.8,19,73.0
板橋,2007,4,77,20.9,213.6,19,79.0
板橋,2007,5,71,26.1,94.7,12,183.0
板橋,2007,6,80,27.6,779.0,22,115.6
板橋,2007,7,72,29.8,202.8,11,232.4
板橋,2007,8,77,28.2,438.6,25,144.5
板橋,2007,9,75,27.3,350.9,15,159.8
板橋,2008,1,80,16.6,81.0,13,65.4
板橋,2008,10,75,25.9,26.9,5,158.3
板橋,2008,11,75,21.4,143.5,12,99.2
板橋,2008,12,72,18.0,49.6,8,145.4
板橋,2008,2,83,13.9,172.5,23,22.7
板橋,2008,3,73,19.0,144.0,13,149.9
板橋,2008,4,76,22.5,134.2,18,91.8
板橋,2008,5,73,24.8,299.6,17,178.5
板橋,2008,6,78,27.2,329.2,18,148.5
板橋,2008,7,74,29.2,228.4,11,219.2
板橋,2008,8,71,29.5,145.7,5,238.6
板橋,2008,9,76,27.7,965.8,18,170.7
板橋,2009,1,75,15.3,40.4,10,97.8
板橋,2009,10,75,24.1,205.1,16,89.9
板橋,2009,11,75,21.3,92.6,13,97.2
板橋,2009,12,75,16.8,80.4,16,105.2
板橋,2009,2,77,20.0,32.9,6,119.7
板橋,2009,3,78,18.4,184.8,20,93.1
板橋,2009,4,73,21.1,94.2,15,112.7
板橋,2009,5,67,25.1,26.3,5,221.2
板橋,2009,6,75,27.8,322.6,18,151.8
板橋,2009,7,72,29.9,38.7,9,211.2
板橋,2009,8,75,29.5,381.9,14,192.3
板橋,2009,9,70,29.1,116.6,11,225.7
板橋,2010,1,76,16.7,121.5,14,117.5
板橋,2010,10,76,24.3,326.4,17,74.7
板橋,2010,11,74,21.0,84.7,14,85.9
板橋,2010,12,72,16.9,87.6,8,166.6
板橋,2010,2,82,17.3,249.7,14,80.3
板橋,2010,3,74,19.7,63.2,8,147.5
板橋,2010,4,77,20.6,129.5,21,76.7
板橋,2010,5,76,25.2,171.1,14,122.8
板橋,2010,6,80,26.0,397.1,23,96.7
板橋,2010,7,72,29.8,140.0,10,222.7
板橋,2010,8,72,29.7,343.7,13,221.4
板橋,2010,9,73,28.5,176.5,13,213.8
板橋,2011,1,81,13.6,97.9,25,28.4
板橋,2011,10,72,24.1,101.4,13,67.6
板橋,2011,11,78,22.9,262.0,13,89.6
板橋,2011,12,79,16.8,183.9,19,33.7
板橋,2011,2,78,16.4,74.3,13,91.2
板橋,2011,3,75,15.9,136.7,11,58.5
板橋,2011,4,71,21.2,30.6,8,147.5
板橋,2011,5,78,24.5,253.6,18,97.6
板橋,2011,6,74,28.6,354.4,14,167.8
板橋,2011,7,72,29.2,186.7,14,213.5
板橋,2011,8,70,29.3,178.6,15,204.4
板橋,2011,9,67,27.5,48.9,6,173.7
板橋,2012,1,81,15.8,188.3,15,26.8
板橋,2012,10,66,23.8,69.8,5,173.7
板橋,2012,11,74,21.1,264.5,14,91.4
板橋,2012,12,75,17.7,227.0,16,87.7
板橋,2012,2,80,16.2,323.5,18,61.3
板橋,2012,3,74,18.5,101.5,12,130.0
板橋,2012,4,74,22.9,267.4,19,71.9
板橋,2012,5,71,25.8,222.6,17,153.0
板橋,2012,6,77,27.7,656.3,13,109.9
板橋,2012,7,67,30.2,145.5,7,255.2
板橋,2012,8,73,28.9,496.2,18,169.2
板橋,2012,9,69,26.9,120.7,10,152.1
板橋,2013,1,73,16.5,107.7,14,90.5
板橋,2013,10,68,24.0,76.1,11,119.2
板橋,2013,11,68,21.2,66.3,15,113.1
板橋,2013,12,73,16.2,233.7,18,68.5
板橋,2013,2,76,18.6,30.0,7,81.4
板橋,2013,3,71,19.7,65.0,14,128.0
板橋,2013,4,76,21.0,291.2,23,66.0
板橋,2013,5,74,25.8,351.2,18,95.3
板橋,2013,6,71,29.0,132.5,13,149.1
板橋,2013,7,69,29.2,255.1,12,202.4
板橋,2013,8,70,29.1,720.4,16,182.9
板橋,2013,9,67,27.8,158.8,11,200.9
板橋,2014,1,63,16.2,34.7,6,127.7
板橋,2014,10,68,24.5,42.8,9,106.4
板橋,2014,11,72,22.0,123.0,9,76.0
板橋,2014,12,69,16.2,141.6,15,49.3
板橋,2014,2,75,16.0,215.5,14,74.7
板橋,2014,3,72,18.5,165.5,15,68.6
板橋,2014,4,74,22.4,85.1,12,116.3
板橋,2014,5,80,25.1,580.4,22,63.3
板橋,2014,6,78,28.0,425.8,18,94.5
板橋,2014,7,72,30.2,234.2,12,237.2
板橋,2014,8,74,29.7,135.6,13,196.9
板橋,2014,9,69,29.6,185.0,7,196.8
板橋,2015,1,67,16.3,24.7,8,80.4
板橋,2015,10,70,25.2,145.0,10,101.7
板橋,2015,11,71,23.4,24.9,9,82.8
板橋,2015,12,71,18.8,80.6,12,31.5
板橋,2015,2,72,17.0,95.5,11,66.3
板橋,2015,3,77,18.7,187.2,13,78.9
板橋,2015,4,74,22.6,79.4,10,134.2
板橋,2015,5,76,26.0,239.4,15,106.2
板橋,2015,6,71,29.8,230.1,8,224.3
板橋,2015,7,70,29.7,261.8,13,199.3
板橋,2015,8,73,28.4,529.6,20,136.6
板橋,2015,9,70,27.2,234.0,10,141.5
板橋,2016,1,79,16.1,297.8,20,28.4
板橋,2016,10,72,26.9,121.2,14,108.7
板橋,2016,11,72,22.4,116.5,12,66.9
板橋,2016,12,72,19.9,14.5,6,73.5
板橋,2016,2,77,15.0,104.6,17,59.4
板橋,2016,3,77,17.2,317.0,19,76.8
板橋,2016,4,75,23.7,159.5,14,91.2
板橋,2016,5,71,26.8,155.4,11,128.5
板橋,2016,6,71,28.8,576.4,18,173.3
板橋,2016,7,67,29.9,280.5,13,242.8
板橋,2016,8,68,29.6,194.4,11,187.1
板橋,2016,9,74,27.7,503.2,19,90.6
板橋,2017,1,73,18.1,25.0,6,61.0
板橋,2017,10,74,25.3,364.1,13,88.8
板橋,2017,11,78,22.3,124.5,18,43.3
板橋,2017,12,75,17.6,71.1,16,52.7
板橋,2017,2,68,16.8,124.4,9,57.4
板橋,2017,3,72,18.0,205.0,16,59.8
板橋,2017,4,69,22.2,125.7,12,112.2
板橋,2017,5,75,25.6,152.9,16,101.3
板橋,2017,6,79,27.9,673.0,15,127.8
板橋,2017,7,72,29.7,212.6,17,205.2
板橋,2017,8,69,30.7,124.6,9,243.2
板橋,2017,9,72,29.2,51.2,8,152.0
板橋,2018,1,77,16.6,291.2,15,53.2
板橋,2018,10,74,23.1,128.7,15,86.4
板橋,2018,11,78,22.4,89.8,13,67.5
板橋,2018,12,82,19.1,69.9,13,59.3
板橋,2018,2,80,15.1,191.8,15,42.9
板橋,2018,3,74,19.9,34.5,8,140.4
板橋,2018,4,71,23.0,74.0,8,118.0
板橋,2018,5,70,27.8,35.0,3,186.8
板橋,2018,6,75,28.3,46.1,11,142.0
板橋,2018,7,71,30.0,209.7,8,227.8
板橋,2018,8,75,29.0,188.4,17,156.8
板橋,2018,9,72,27.8,158.6,16,134.9
板橋,2019,1,82,18.2,48.8,12,53.5
板橋,2019,10,71,24.9,33.5,7,126.9
板橋,2019,11,74,21.7,18.9,9,95.0
板橋,2019,12,79,18.6,182.0,11,57.6
板橋,2019,2,78,18.6,69.1,9,42.1
板橋,2019,3,78,19.5,197.8,17,73.7
板橋,2019,4,77,23.7,115.4,13,121.8
板橋,2019,5,74,24.7,388.7,14,97.1
板橋,2019,6,76,28.1,452.3,16,127.9
板橋,2019,7,73,29.9,362.7,16,195.3
板橋,2019,8,71,30.0,210.0,12,212.2
板橋,2019,9,76,27.0,291.4,14,134.2
板橋,2020,1,79,17.3,47.6,11,78.0
板橋,2020,10,76,24.4,30.0,9,70.6
板橋,2020,11,76,23.0,25.0,10,70.2
板橋,2020,12,86,17.9,142.0,22,12.8
板橋,2020,2,76,18.1,37.5,5,96.9
板橋,2020,3,79,20.3,307.0,17,78.5
板橋,2020,4,76,20.4,97.1,15,102.2
板橋,2020,5,78,26.6,427.6,15,127.4
板橋,2020,6,71,30.0,108.3,6,222.5
板橋,2020,7,70,30.4,256.0,8,220.5
板橋,2020,8,72,29.6,342.0,13,213.2
板橋,2020,9,75,27.2,164.0,13,138.5
板橋,2021,1,75,15.8,53.5,8,84.4
板橋,2021,10,74,25.8,223.0,12,102.8
板橋,2021,11,78,21.2,73.0,11,50.7
板橋,2021,12,77,18.1,70.5,11,59.1
板橋,2021,2,73,18.8,35.0,7,118.1
板橋,2021,3,79,20.2,88.5,7,97.3
板橋,2021,4,74,22.3,76.5,6,130.0
板橋,2021,5,74,28.1,108.5,6,158.2
板橋,2021,6,73,29.0,291.5,13,179.6
板橋,2021,7,72,30.0,421.5,15,221.5
板橋,2021,8,78,28.7,418.5,15,161.2
板橋,2021,9,71,29.2,123.0,7,199.7
板橋,2022,1,82,17.2,116.5,12,40.6
板橋,2022,10,80,24.1,393.0,19,59.8
板橋,2022,11,82,23.6,147.5,6,76.6
板橋,2022,12,84,16.5,116.0,17,39.1
板橋,2022,2,87,16.3,294.0,19,26.8
板橋,2022,3,77,20.8,211.5,10,104.2
板橋,2022,4,75,22.4,98.0,7,108.4
板橋,2022,5,85,23.5,486.5,20,52.3
板橋,2022,6,78,27.9,262.5,15,151.4
板橋,2022,7,70,30.4,185.5,11,245.6
板橋,2022,8,71,30.1,68.0,9,208.9
板橋,2022,9,74,27.2,249.5,13,147.3
虎尾,1992,1,--,--,--,--,
虎尾,1992,10,--,--,--,--,
虎尾,1992,11,--,--,--,--,
虎尾,1992,12,--,--,--,--,
虎尾,1992,2,--,--,--,--,
虎尾,1992,3,--,--,--,--,
虎尾,1992,4,--,--,--,--,
虎尾,1992,5,--,--,--,--,
虎尾,1992,6,--,--,--,--,
虎尾,1992,7,--,--,--,--,
虎尾,1992,8,--,--,--,--,
虎尾,1992,9,--,--,--,--,
虎尾,1993,1,--,--,X,0,
虎尾,1993,10,--,23.9,0.0,0,
虎尾,1993,11,--,22.3,37.5,7,
虎尾,1993,12,--,17.6,4.5,2,
虎尾,1993,2,--,--,X,0,
虎尾,1993,3,--,19.4,115.0,8,
虎尾,1993,4,--,22.4,118.0,10,
虎尾,1993,5,--,26.1,188.5,8,
虎尾,1993,6,--,28.0,318.5,15,
虎尾,1993,7,--,29.1,72.0,7,
虎尾,1993,8,--,28.7,121.5,8,
虎尾,1993,9,--,27.1,29.5,3,
虎尾,1994,1,--,16.7,26.5,7,
虎尾,1994,10,--,23.7,3.0,1,
虎尾,1994,11,--,22.0,1.0,1,
虎尾,1994,12,--,20.6,14.0,3,
虎尾,1994,2,--,17.6,83.5,13,
虎尾,1994,3,--,17.8,42.5,7,
虎尾,1994,4,--,25.1,25.5,5,
虎尾,1994,5,--,26.7,219.0,8,
虎尾,1994,6,--,28.1,147.0,15,
虎尾,1994,7,--,28.7,215.0,10,
虎尾,1994,8,--,27.8,410.5,17,
虎尾,1994,9,--,26.3,135.5,5,
虎尾,1995,1,--,16.2,10.0,5,
虎尾,1995,10,--,25.0,1.0,1,
虎尾,1995,11,--,20.3,0.0,0,
虎尾,1995,12,--,16.5,3.0,2,
虎尾,1995,2,--,15.2,35.5,11,
虎尾,1995,3,--,18.3,85.0,11,
虎尾,1995,4,--,23.5,56.0,4,
虎尾,1995,5,--,25.6,69.5,8,
虎尾,1995,6,--,28.3,505.5,8,
虎尾,1995,7,--,28.5,123.0,14,
虎尾,1995,8,--,27.8,133.5,14,
虎尾,1995,9,--,27.6,50.5,6,
虎尾,1996,1,--,16.5,13.0,3,
虎尾,1996,10,--,25.3,12.0,5,
虎尾,1996,11,--,22.5,6.5,1,
虎尾,1996,12,--,17.5,3.5,3,
虎尾,1996,2,--,15.6,23.0,4,
虎尾,1996,3,--,20.2,24.5,5,
虎尾,1996,4,--,19.8,150.0,13,
虎尾,1996,5,--,24.5,337.0,15,
虎尾,1996,6,--,28.5,93.0,8,
虎尾,1996,7,--,29.3,176.5,9,
虎尾,1996,8,--,28.4,553.0,11,
虎尾,1996,9,--,28.0,26.5,4,
虎尾,1997,1,--,16.0,27.5,7,
虎尾,1997,10,--,25.0,0.5,1,
虎尾,1997,11,--,22.3,0.0,0,
虎尾,1997,12,--,18.8,2.5,1,
虎尾,1997,2,--,16.1,59.0,9,
虎尾,1997,3,--,20.4,96.0,7,
虎尾,1997,4,--,23.7,14.5,3,
虎尾,1997,5,--,26.2,132.5,7,
虎尾,1997,6,--,27.0,329.0,20,
虎尾,1997,7,--,28.2,381.0,10,
虎尾,1997,8,--,27.9,345.5,16,
虎尾,1997,9,--,26.1,150.5,7,
虎尾,1998,1,/,17.3,74.5,8,
虎尾,1998,10,/,25.4,111.5,6,
虎尾,1998,11,/,23.1,0.5,1,
虎尾,1998,12,/,19.4,51.0,5,
虎尾,1998,2,/,17.6,281.5,16,
虎尾,1998,3,/,20.5,107.0,10,
虎尾,1998,4,/,25.0,121.5,12,
虎尾,1998,5,/,26.8,181.5,12,
虎尾,1998,6,/,27.9,556.5,15,
虎尾,1998,7,/,29.4,124.0,6,
虎尾,1998,8,/,29.3,202.5,11,
虎尾,1998,9,/,27.3,35.0,5,
虎尾,1999,1,/,17.2,2.5,3,
虎尾,1999,10,/,25.4,11.5,7,
虎尾,1999,11,/,21.8,1.5,2,
虎尾,1999,12,/,17.3,21.0,3,
虎尾,1999,2,/,17.8,0.0,0,
虎尾,1999,3,/,21.4,30.5,4,
虎尾,1999,4,/,24.1,41.5,3,
虎尾,1999,5,/,24.9,200.0,13,
虎尾,1999,6,/,28.3,97.5,12,
虎尾,1999,7,/,28.0,397.5,22,
虎尾,1999,8,/,27.8,458.5,13,
虎尾,1999,9,/,27.8,35.5,5,
虎尾,2000,1,/,16.8,10.5,4,
虎尾,2000,10,/,26.0,57.5,3,
虎尾,2000,11,/,22.3,9.0,4,
虎尾,2000,12,/,19.4,35.0,4,
虎尾,2000,2,/,16.0,66.0,9,
虎尾,2000,3,/,18.6,17.0,5,
虎尾,2000,4,/,23.2,143.0,11,
虎尾,2000,5,/,25.9,26.5,9,
虎尾,2000,6,/,28.0,227.5,14,
虎尾,2000,7,/,28.6,204.5,12,
虎尾,2000,8,/,27.7,263.5,15,
虎尾,2000,9,/,27.3,8.5,2,
虎尾,2001,1,/,17.3,48.5,6,
虎尾,2001,10,/,24.5,1.5,1,
虎尾,2001,11,/,20.3,6.0,4,
虎尾,2001,12,/,18.4,5.5,3,
虎尾,2001,2,/,18.2,2.5,2,
虎尾,2001,3,/,20.7,46.5,6,
虎尾,2001,4,/,22.9,108.5,11,
虎尾,2001,5,/,26.5,220.5,11,
虎尾,2001,6,/,28.2,292.5,14,
虎尾,2001,7,/,28.7,350.5,14,
虎尾,2001,8,/,29.4,67.0,11,
虎尾,2001,9,/,26.5,766.0,15,
虎尾,2002,1,/,16.9,24.5,4,
虎尾,2002,10,/,25.7,1.0,1,
虎尾,2002,11,/,21.6,9.0,2,
虎尾,2002,12,/,19.0,59.5,7,
虎尾,2002,2,/,18.5,0.5,1,
虎尾,2002,3,/,22.0,5.5,4,
虎尾,2002,4,/,24.8,3.5,3,
虎尾,2002,5,/,26.1,263.0,8,
虎尾,2002,6,/,28.8,139.5,6,
虎尾,2002,7,/,28.9,388.0,17,
虎尾,2002,8,/,29.1,179.0,12,
虎尾,2002,9,/,27.8,40.5,7,
虎尾,2003,1,/,15.9,22.0,2,
虎尾,2003,10,/,24.6,1.0,1,
虎尾,2003,11,/,23.0,1.0,2,
虎尾,2003,12,/,17.2,0.0,0,
虎尾,2003,2,/,18.5,14.0,1,
虎尾,2003,3,/,19.6,22.5,5,
虎尾,2003,4,/,24.0,143.5,9,
虎尾,2003,5,/,26.6,49.5,3,
虎尾,2003,6,/,27.5,268.0,9,
虎尾,2003,7,/,30.0,18.0,6,
虎尾,2003,8,/,28.9,140.0,10,
虎尾,2003,9,/,28.2,168.5,7,
虎尾,2004,1,/,16.0,4.5,4,
虎尾,2004,10,/,22.9,10.5,1,
虎尾,2004,11,/,22.0,1.0,1,
虎尾,2004,12,/,18.8,69.0,2,
虎尾,2004,2,/,17.3,41.0,7,
虎尾,2004,3,/,19.3,40.0,9,
虎尾,2004,4,/,23.2,91.5,7,
虎尾,2004,5,/,27.4,78.5,6,
虎尾,2004,6,/,28.6,16.0,4,
虎尾,2004,7,/,28.4,767.0,13,
虎尾,2004,8,/,28.7,233.0,15,
虎尾,2004,9,/,27.3,73.5,9,
虎尾,2005,1,/,15.8,11.5,2,
虎尾,2005,10,/,25.9,37.0,1,
虎尾,2005,11,/,23.6,1.5,1,
虎尾,2005,12,/,17.1,7.5,5,
虎尾,2005,2,/,16.6,118.5,8,
虎尾,2005,3,/,17.4,152.0,15,
虎尾,2005,4,/,23.8,39.5,4,
虎尾,2005,5,/,27.1,325.5,11,
虎尾,2005,6,/,27.6,611.0,15,
虎尾,2005,7,/,29.3,339.0,10,
虎尾,2005,8,/,28.5,315.0,16,
虎尾,2005,9,/,28.7,210.5,5,
虎尾,2006,1,/,17.5,9.5,4,
虎尾,2006,10,/,26.2,0.0,0,
虎尾,2006,11,/,23.4,125.0,13,
虎尾,2006,12,/,18.9,31.0,3,
虎尾,2006,2,/,18.2,10.5,2,
虎尾,2006,3,/,20.0,76.5,11,
虎尾,2006,4,/,24.6,131.0,11,
虎尾,2006,5,/,26.5,173.0,12,
虎尾,2006,6,/,27.6,586.5,18,
虎尾,2006,7,/,29.5,307.0,12,
虎尾,2006,8,/,29.1,99.0,12,
虎尾,2006,9,/,27.6,236.0,7,
虎尾,2007,1,/,17.2,56.5,5,
虎尾,2007,10,/,25.5,213.0,3,
虎尾,2007,11,/,21.5,21.0,6,
虎尾,2007,12,/,19.6,0.0,0,
虎尾,2007,2,/,19.8,15.5,3,
虎尾,2007,3,/,21.2,35.5,6,
虎尾,2007,4,/,22.8,88.5,10,
虎尾,2007,5,/,27.1,94.0,8,
虎尾,2007,6,/,28.4,250.0,13,
虎尾,2007,7,/,30.2,47.0,3,
虎尾,2007,8,/,28.1,765.5,20,
虎尾,2007,9,/,28.1,152.0,11,
虎尾,2008,1,/,17.8,17.0,4,
虎尾,2008,10,/,27.0,62.5,2,
虎尾,2008,11,/,22.0,22.0,3,
虎尾,2008,12,/,18.3,11.5,3,
虎尾,2008,2,/,14.8,23.0,6,
虎尾,2008,3,/,20.6,22.5,5,
虎尾,2008,4,/,24.5,19.5,6,
虎尾,2008,5,/,26.2,69.5,9,
虎尾,2008,6,/,27.8,308.0,12,
虎尾,2008,7,/,28.5,727.5,14,
虎尾,2008,8,/,29.1,79.0,7,
虎尾,2008,9,/,28.0,439.0,11,
虎尾,2009,1,/,15.6,0.0,0,
虎尾,2009,10,/,25.7,29.5,2,
虎尾,2009,11,/,22.1,16.0,2,
虎尾,2009,12,/,17.7,19.0,7,
虎尾,2009,2,/,21.5,3.5,1,
虎尾,2009,3,/,20.3,103.0,7,
虎尾,2009,4,/,22.8,107.5,9,
虎尾,2009,5,/,26.4,5.0,2,
虎尾,2009,6,/,28.3,215.5,11,
虎尾,2009,7,/,29.6,111.5,8,
虎尾,2009,8,/,29.2,711.0,14,
虎尾,2009,9,/,29.5,199.0,6,
虎尾,2010,1,/,17.1,21.0,7,
虎尾,2010,10,/,25.6,6.0,2,
虎尾,2010,11,/,21.4,31.0,4,
虎尾,2010,12,/,18.0,22.5,2,
虎尾,2010,2,/,18.7,78.5,9,
虎尾,2010,3,/,21.6,12.5,3,
虎尾,2010,4,/,22.3,67.5,9,
虎尾,2010,5,/,26.8,93.5,5,
虎尾,2010,6,/,27.5,326.5,15,
虎尾,2010,7,/,29.1,387.0,13,
虎尾,2010,8,/,29.3,132.0,14,
虎尾,2010,9,/,28.2,161.0,11,
虎尾,2011,1,/,14.7,28.5,6,
虎尾,2011,10,/,25.5,21.0,4,
虎尾,2011,11,/,23.6,212.0,9,
虎尾,2011,12,/,17.8,27.5,5,
虎尾,2011,2,/,16.9,20.5,5,
虎尾,2011,3,/,18.1,21.5,6,
虎尾,2011,4,/,23.1,5.0,3,
虎尾,2011,5,/,26.1,89.0,7,
虎尾,2011,6,/,29.0,111.5,10,
虎尾,2011,7,/,29.0,253.5,14,
虎尾,2011,8,/,29.5,124.0,8,
虎尾,2011,9,/,28.3,14.5,4,
虎尾,2012,1,--,16.5,41.0,12,
虎尾,2012,10,--,25.0,0.0,0,
虎尾,2012,11,--,22.4,90.0,9,
虎尾,2012,12,--,18.6,46.5,7,
虎尾,2012,2,--,16.4,50.5,9,
虎尾,2012,3,--,20.0,18.5,4,
虎尾,2012,4,--,25.0,258.0,13,
虎尾,2012,5,--,27.3,205.5,10,
虎尾,2012,6,--,28.0,419.5,17,
虎尾,2012,7,--,29.5,241.5,8,
虎尾,2012,8,--,28.3,559.5,17,
虎尾,2012,9,--,28.2,4.5,3,
虎尾,2013,1,--,16.8,19.5,2,
虎尾,2013,10,--,25.1,0.0,0,
虎尾,2013,11,--,22.0,23.5,4,
虎尾,2013,12,--,17.1,58.0,7,
虎尾,2013,2,--,19.4,5.0,2,
虎尾,2013,3,--,21.4,34.5,7,
虎尾,2013,4,--,22.5,215.0,18,
虎尾,2013,5,--,26.8,397.0,15,
虎尾,2013,6,--,29.1,60.5,9,
虎尾,2013,7,--,28.8,350.5,16,
虎尾,2013,8,--,28.7,1313.0,13,
虎尾,2013,9,--,28.2,83.5,6,
虎尾,2014,1,--,16.6,0.0,0,
虎尾,2014,10,--,25.5,0.0,0,
虎尾,2014,11,--,23.1,2.5,3,
虎尾,2014,12,--,17.0,22.5,10,
虎尾,2014,2,--,17.3,20.5,8,
虎尾,2014,3,--,20.1,53.5,6,
虎尾,2014,4,--,24.1,16.5,4,
虎尾,2014,5,--,26.3,416.5,20,
虎尾,2014,6,--,28.9,262.5,14,
虎尾,2014,7,--,30.5,92.0,7,
虎尾,2014,8,--,29.2,235.0,15,
虎尾,2014,9,--,29.5,95.0,7,
虎尾,2015,1,--,16.9,10.0,5,
虎尾,2015,10,79,25.7,24.5,4,
虎尾,2015,11,77,24.0,2.0,1,
虎尾,2015,12,78,19.2,50.5,4,
虎尾,2015,2,--,18.1,12.5,2,
虎尾,2015,3,--,21.0,8.0,4,
虎尾,2015,4,--,24.5,53.5,4,
虎尾,2015,5,/,27.1,0.5,1,
虎尾,2015,6,--,--,--,--,
虎尾,2015,7,76,28.9,99.0,8,
虎尾,2015,8,80,27.9,481.0,15,
虎尾,2015,9,77,27.6,280.0,5,
虎尾,2016,1,84,16.3,148.0,17,
虎尾,2016,10,90,27.1,13.0,4,
虎尾,2016,11,86,23.1,57.0,4,
虎尾,2016,12,83,19.9,11.0,1,
虎尾,2016,2,76,16.0,25.0,7,
虎尾,2016,3,81,18.1,144.5,15,
虎尾,2016,4,81,24.9,144.5,9,
虎尾,2016,5,78,27.6,34.5,9,
虎尾,2016,6,81,29.0,334.5,16,
虎尾,2016,7,81,29.5,189.0,13,
虎尾,2016,8,87,28.9,154.0,13,
虎尾,2016,9,90,27.4,384.0,16,
虎尾,2017,1,87,18.3,2.5,1,
虎尾,2017,10,73,26.0,59.0,3,
虎尾,2017,11,81,22.7,19.0,5,
虎尾,2017,12,75,18.0,7.0,3,
虎尾,2017,2,82,17.2,1.5,2,
虎尾,2017,3,82,19.9,42.0,6,
虎尾,2017,4,80,23.4,92.0,9,
虎尾,2017,5,83,26.7,64.0,6,
虎尾,2017,6,84,28.4,983.5,13,
虎尾,2017,7,81,29.0,342.0,17,
虎尾,2017,8,79,29.5,123.5,9,
虎尾,2017,9,75,29.3,72.0,4,
虎尾,2018,1,80,16.7,88.0,12,
虎尾,2018,10,73,24.2,2.0,2,
虎尾,2018,11,80,22.8,21.5,5,
虎尾,2018,12,75,20.2,0.0,0,
虎尾,2018,2,75,15.5,30.5,7,
虎尾,2018,3,72,20.1,29.0,4,
虎尾,2018,4,70,24.3,21.0,3,
虎尾,2018,5,72,28.3,39.0,2,
虎尾,2018,6,77,28.3,250.5,13,
虎尾,2018,7,77,29.0,330.5,15,
虎尾,2018,8,79,28.0,547.0,20,
虎尾,2018,9,76,28.0,23.5,4,
虎尾,2019,1,78,18.4,8.0,3,
虎尾,2019,10,75,25.4,1.0,1,
虎尾,2019,11,73,22.2,0.0,0,
虎尾,2019,12,78,18.6,142.5,7,
虎尾,2019,2,78,20.2,16.5,4,
虎尾,2019,3,80,20.7,135.5,11,
虎尾,2019,4,79,24.3,66.0,7,
虎尾,2019,5,82,25.2,200.0,18,
虎尾,2019,6,79,28.1,388.5,16,
虎尾,2019,7,78,28.9,162.5,16,
虎尾,2019,8,84,28.2,482.5,20,
虎尾,2019,9,77,27.3,245.5,6,
虎尾,2020,1,79,17.4,14.0,1,
虎尾,2020,10,74,25.6,0.5,1,
虎尾,2020,11,77,23.4,7.0,4,
虎尾,2020,12,79,19.1,20.0,6,
虎尾,2020,2,78,18.4,7.5,2,
虎尾,2020,3,81,21.6,38.5,4,
虎尾,2020,4,80,21.7,36.5,8,
虎尾,2020,5,80,27.3,405.0,12,
虎尾,2020,6,71,29.6,79.0,6,
虎尾,2020,7,70,30.2,99.0,7,
虎尾,2020,8,77,28.7,293.5,16,
虎尾,2020,9,74,28.4,57.5,4,
虎尾,2021,1,76,15.6,2.5,2,
虎尾,2021,10,78,26.6,10.5,3,
虎尾,2021,11,78,22.3,5.0,3,
虎尾,2021,12,78,18.5,25.0,5,
虎尾,2021,2,77,18.5,31.0,2,
虎尾,2021,3,79,21.1,9.5,1,
虎尾,2021,4,77,23.5,36.5,4,
虎尾,2021,5,76,28.7,109.5,3,
虎尾,2021,6,83,28.1,665.5,19,
虎尾,2021,7,80,29.3,174.0,13,
虎尾,2021,8,82,28.5,525.0,10,
虎尾,2021,9,78,29.4,29.5,6,
虎尾,2022,1,83,17.6,26.5,9,
虎尾,2022,10,78,25.4,5.5,2,
虎尾,2022,11,86,24.2,1.0,2,
虎尾,2022,12,75,17.6,22.5,1,
虎尾,2022,2,85,16.4,102.5,13,
虎尾,2022,3,80,21.5,105.5,8,
虎尾,2022,4,77,23.4,55.5,6,
虎尾,2022,5,87,24.6,304.5,15,
虎尾,2022,6,80,28.5,200.0,12,
虎尾,2022,7,77,30.0,63.5,8,
虎尾,2022,8,81,29.2,393.0,15,
虎尾,2022,9,79,28.1,36.5,7,
虎尾,2023,1,80,17.0,5.5,1,
虎尾,2023,10,82,26.1,30.5,2,
虎尾,2023,11,75,22.8,0.0,0,
虎尾,2023,12,78,19.7,11.5,2,
虎尾,2023,2,80,17.6,5.0,1,
虎尾,2023,3,76,20.4,17.0,3,
虎尾,2023,4,80,23.9,104.5,5,
虎尾,2023,5,81,26.5,164.0,4,
虎尾,2023,6,82,29.0,190.0,12,
虎尾,2023,7,78,29.7,200.0,12,
虎尾,2023,8,84,29.2,156.5,13,
虎尾,2023,9,84,28.5,114.0,10,
虎尾,2024,1,77,17.2,4.5,2,
虎尾,2024,10,86,26.6,49.5,4,
虎尾,2024,11,83,22.9,62.0,4,
虎尾,2024,12,77,18.0,31.0,2,
虎尾,2024,2,78,19.1,26.5,3,
虎尾,2024,3,75,21.1,4.0,3,
虎尾,2024,4,82,26.2,114.5,9,
虎尾,2024,5,82,26.3,147.0,10,
虎尾,2024,6,81,29.2,157.5,11,
虎尾,2024,7,81,29.6,798.5,18,
虎尾,2024,8,82,29.4,272.0,13,
虎尾,2024,9,86,28.8,197.5,9,
虎尾,2025,1,76,15.9,22.0,6,
虎尾,2025,10,81,29.3,0.0,0,
虎尾,2025,11,--,--,--,--,
虎尾,2025,12,--,--,--,--,
虎尾,2025,2,84,16.4,70.0,5,
虎尾,2025,3,79,19.7,47.0,10,
虎尾,2025,4,78,24.0,54.5,4,
虎尾,2025,5,80,27.2,82.0,7,
虎尾,2025,6,82,29.0,244.5,13,
虎尾,2025,7,89,28.5,824.5,20,
虎尾,2025,8,81,29.3,401.5,8,
虎尾,2025,9,84,29.0,189.5,9,
